policy,eps,seed,fold,lambda,n_cal
"HERA-v3 (onset-gated, CRC)",0.1,0,0,4762.5,12
"HERA-v3 (onset-gated, CRC)",0.15,0,0,4762.5,12
"HERA-v3 (onset-gated, CRC)",0.2,0,0,4200.0,12
"HERA-v3 (onset-gated, CRC)",0.25,0,0,3772.5,12
"HERA-v3 (onset-gated, CRC)",0.3,0,0,3772.5,12
"HERA-v3 (onset-gated, CRC)",0.4,0,0,2377.5,12
"HERA-v3b (onset gate + burn-in, CRC)",0.1,0,0,6000.0,12
"HERA-v3b (onset gate + burn-in, CRC)",0.15,0,0,6000.0,12
"HERA-v3b (onset gate + burn-in, CRC)",0.2,0,0,5145.0,12
"HERA-v3b (onset gate + burn-in, CRC)",0.25,0,0,4200.0,12
"HERA-v3b (onset gate + burn-in, CRC)",0.3,0,0,4200.0,12
"HERA-v3b (onset gate + burn-in, CRC)",0.4,0,0,2377.5,12
"Always-cloud, CRC + burn-in",0.1,0,0,5145.0,12
"Always-cloud, CRC + burn-in",0.15,0,0,5145.0,12
"Always-cloud, CRC + burn-in",0.2,0,0,4200.0,12
"Always-cloud, CRC + burn-in",0.25,0,0,4132.5,12
"Always-cloud, CRC + burn-in",0.3,0,0,4132.5,12
"Always-cloud, CRC + burn-in",0.4,0,0,2377.5,12
"Always-cloud, CRC",0.1,0,0,4762.5,12
"Always-cloud, CRC",0.15,0,0,4762.5,12
"Always-cloud, CRC",0.2,0,0,4200.0,12
"Always-cloud, CRC",0.25,0,0,3772.5,12
"Always-cloud, CRC",0.3,0,0,3772.5,12
"Always-cloud, CRC",0.4,0,0,2377.5,12
"Always-edge, CRC",0.1,0,0,1545.0,12
"Always-edge, CRC",0.15,0,0,1545.0,12
"Always-edge, CRC",0.2,0,0,1522.5,12
"Always-edge, CRC",0.25,0,0,1275.0,12
"Always-edge, CRC",0.3,0,0,1275.0,12
"Always-edge, CRC",0.4,0,0,982.5,12
"Cloud point, fixed thr. H_p",,0,0,0.0,12
"Cloud point, fixed thr. H_c",,0,0,0.0,12
Anomaly threshold,,0,0,0.0,12
"HERA-v3 (onset-gated, CRC)",0.1,0,1,4582.5,12
"HERA-v3 (onset-gated, CRC)",0.15,0,1,4582.5,12
"HERA-v3 (onset-gated, CRC)",0.2,0,1,3952.5,12
"HERA-v3 (onset-gated, CRC)",0.25,0,1,3525.0,12
"HERA-v3 (onset-gated, CRC)",0.3,0,1,3525.0,12
"HERA-v3 (onset-gated, CRC)",0.4,0,1,1590.0,12
"HERA-v3b (onset gate + burn-in, CRC)",0.1,0,1,4852.5,12
"HERA-v3b (onset gate + burn-in, CRC)",0.15,0,1,4852.5,12
"HERA-v3b (onset gate + burn-in, CRC)",0.2,0,1,3952.5,12
"HERA-v3b (onset gate + burn-in, CRC)",0.25,0,1,3525.0,12
"HERA-v3b (onset gate + burn-in, CRC)",0.3,0,1,3525.0,12
"HERA-v3b (onset gate + burn-in, CRC)",0.4,0,1,1590.0,12
"Always-cloud, CRC + burn-in",0.1,0,1,4740.0,12
"Always-cloud, CRC + burn-in",0.15,0,1,4740.0,12
"Always-cloud, CRC + burn-in",0.2,0,1,3952.5,12
"Always-cloud, CRC + burn-in",0.25,0,1,3525.0,12
"Always-cloud, CRC + burn-in",0.3,0,1,3525.0,12
"Always-cloud, CRC + burn-in",0.4,0,1,1590.0,12
"Always-cloud, CRC",0.1,0,1,4470.0,12
"Always-cloud, CRC",0.15,0,1,4470.0,12
"Always-cloud, CRC",0.2,0,1,3952.5,12
"Always-cloud, CRC",0.25,0,1,3525.0,12
"Always-cloud, CRC",0.3,0,1,3525.0,12
"Always-cloud, CRC",0.4,0,1,1590.0,12
"Always-edge, CRC",0.1,0,1,1635.0,12
"Always-edge, CRC",0.15,0,1,1635.0,12
"Always-edge, CRC",0.2,0,1,1522.5,12
"Always-edge, CRC",0.25,0,1,1027.5,12
"Always-edge, CRC",0.3,0,1,1027.5,12
"Always-edge, CRC",0.4,0,1,510.0,12
"Cloud point, fixed thr. H_p",,0,1,0.0,12
"Cloud point, fixed thr. H_c",,0,1,0.0,12
Anomaly threshold,,0,1,0.0,12
"HERA-v3 (onset-gated, CRC)",0.1,0,2,4672.5,12
"HERA-v3 (onset-gated, CRC)",0.15,0,2,4672.5,12
"HERA-v3 (onset-gated, CRC)",0.2,0,2,4312.5,12
"HERA-v3 (onset-gated, CRC)",0.25,0,2,3277.5,12
"HERA-v3 (onset-gated, CRC)",0.3,0,2,3277.5,12
"HERA-v3 (onset-gated, CRC)",0.4,0,2,1477.5,12
"HERA-v3b (onset gate + burn-in, CRC)",0.1,0,2,4672.5,12
"HERA-v3b (onset gate + burn-in, CRC)",0.15,0,2,4672.5,12
"HERA-v3b (onset gate + burn-in, CRC)",0.2,0,2,4312.5,12
"HERA-v3b (onset gate + burn-in, CRC)",0.25,0,2,3277.5,12
"HERA-v3b (onset gate + burn-in, CRC)",0.3,0,2,3277.5,12
"HERA-v3b (onset gate + burn-in, CRC)",0.4,0,2,1477.5,12
"Always-cloud, CRC + burn-in",0.1,0,2,4672.5,12
"Always-cloud, CRC + burn-in",0.15,0,2,4672.5,12
"Always-cloud, CRC + burn-in",0.2,0,2,4312.5,12
"Always-cloud, CRC + burn-in",0.25,0,2,3277.5,12
"Always-cloud, CRC + burn-in",0.3,0,2,3277.5,12
"Always-cloud, CRC + burn-in",0.4,0,2,1477.5,12
"Always-cloud, CRC",0.1,0,2,4672.5,12
"Always-cloud, CRC",0.15,0,2,4672.5,12
"Always-cloud, CRC",0.2,0,2,4312.5,12
"Always-cloud, CRC",0.25,0,2,3142.5,12
"Always-cloud, CRC",0.3,0,2,3142.5,12
"Always-cloud, CRC",0.4,0,2,1477.5,12
"Always-edge, CRC",0.1,0,2,1927.5,12
"Always-edge, CRC",0.15,0,2,1927.5,12
"Always-edge, CRC",0.2,0,2,1815.0,12
"Always-edge, CRC",0.25,0,2,1140.0,12
"Always-edge, CRC",0.3,0,2,1140.0,12
"Always-edge, CRC",0.4,0,2,555.0,12
"Cloud point, fixed thr. H_p",,0,2,0.0,12
"Cloud point, fixed thr. H_c",,0,2,0.0,12
Anomaly threshold,,0,2,0.0,12
"HERA-v3 (onset-gated, CRC)",0.1,0,3,4785.0,12
"HERA-v3 (onset-gated, CRC)",0.15,0,3,4785.0,12
"HERA-v3 (onset-gated, CRC)",0.2,0,3,3052.5,12
"HERA-v3 (onset-gated, CRC)",0.25,0,3,3007.5,12
"HERA-v3 (onset-gated, CRC)",0.3,0,3,3007.5,12
"HERA-v3 (onset-gated, CRC)",0.4,0,3,1635.0,12
"HERA-v3b (onset gate + burn-in, CRC)",0.1,0,3,4920.0,12
"HERA-v3b (onset gate + burn-in, CRC)",0.15,0,3,4920.0,12
"HERA-v3b (onset gate + burn-in, CRC)",0.2,0,3,3052.5,12
"HERA-v3b (onset gate + burn-in, CRC)",0.25,0,3,3007.5,12
"HERA-v3b (onset gate + burn-in, CRC)",0.3,0,3,3007.5,12
"HERA-v3b (onset gate + burn-in, CRC)",0.4,0,3,1635.0,12
"Always-cloud, CRC + burn-in",0.1,0,3,4852.5,12
"Always-cloud, CRC + burn-in",0.15,0,3,4852.5,12
"Always-cloud, CRC + burn-in",0.2,0,3,3052.5,12
"Always-cloud, CRC + burn-in",0.25,0,3,3007.5,12
"Always-cloud, CRC + burn-in",0.3,0,3,3007.5,12
"Always-cloud, CRC + burn-in",0.4,0,3,1635.0,12
"Always-cloud, CRC",0.1,0,3,4560.0,12
"Always-cloud, CRC",0.15,0,3,4560.0,12
"Always-cloud, CRC",0.2,0,3,3052.5,12
"Always-cloud, CRC",0.25,0,3,3007.5,12
"Always-cloud, CRC",0.3,0,3,3007.5,12
"Always-cloud, CRC",0.4,0,3,1635.0,12
"Always-edge, CRC",0.1,0,3,2152.5,12
"Always-edge, CRC",0.15,0,3,2152.5,12
"Always-edge, CRC",0.2,0,3,1477.5,12
"Always-edge, CRC",0.25,0,3,982.5,12
"Always-edge, CRC",0.3,0,3,982.5,12
"Always-edge, CRC",0.4,0,3,825.0,12
"Cloud point, fixed thr. H_p",,0,3,0.0,12
"Cloud point, fixed thr. H_c",,0,3,0.0,12
Anomaly threshold,,0,3,0.0,12
"HERA-v3 (onset-gated, CRC)",0.1,0,4,4695.0,12
"HERA-v3 (onset-gated, CRC)",0.15,0,4,4695.0,12
"HERA-v3 (onset-gated, CRC)",0.2,0,4,4087.5,12
"HERA-v3 (onset-gated, CRC)",0.25,0,4,2400.0,12
"HERA-v3 (onset-gated, CRC)",0.3,0,4,2400.0,12
"HERA-v3 (onset-gated, CRC)",0.4,0,4,2332.5,12
"HERA-v3b (onset gate + burn-in, CRC)",0.1,0,4,4785.0,12
"HERA-v3b (onset gate + burn-in, CRC)",0.15,0,4,4785.0,12
"HERA-v3b (onset gate + burn-in, CRC)",0.2,0,4,4087.5,12
"HERA-v3b (onset gate + burn-in, CRC)",0.25,0,4,2400.0,12
"HERA-v3b (onset gate + burn-in, CRC)",0.3,0,4,2400.0,12
"HERA-v3b (onset gate + burn-in, CRC)",0.4,0,4,2332.5,12
"Always-cloud, CRC + burn-in",0.1,0,4,4785.0,12
"Always-cloud, CRC + burn-in",0.15,0,4,4785.0,12
"Always-cloud, CRC + burn-in",0.2,0,4,4087.5,12
"Always-cloud, CRC + burn-in",0.25,0,4,2400.0,12
"Always-cloud, CRC + burn-in",0.3,0,4,2400.0,12
"Always-cloud, CRC + burn-in",0.4,0,4,2332.5,12
"Always-cloud, CRC",0.1,0,4,4695.0,12
"Always-cloud, CRC",0.15,0,4,4695.0,12
"Always-cloud, CRC",0.2,0,4,3885.0,12
"Always-cloud, CRC",0.25,0,4,2400.0,12
"Always-cloud, CRC",0.3,0,4,2400.0,12
"Always-cloud, CRC",0.4,0,4,2332.5,12
"Always-edge, CRC",0.1,0,4,1905.0,12
"Always-edge, CRC",0.15,0,4,1905.0,12
"Always-edge, CRC",0.2,0,4,1860.0,12
"Always-edge, CRC",0.25,0,4,1005.0,12
"Always-edge, CRC",0.3,0,4,1005.0,12
"Always-edge, CRC",0.4,0,4,915.0,12
"Cloud point, fixed thr. H_p",,0,4,0.0,12
"Cloud point, fixed thr. H_c",,0,4,0.0,12
Anomaly threshold,,0,4,0.0,12
"HERA-v3 (onset-gated, CRC)",0.1,1,0,4290.0,12
"HERA-v3 (onset-gated, CRC)",0.15,1,0,4290.0,12
"HERA-v3 (onset-gated, CRC)",0.2,1,0,3885.0,12
"HERA-v3 (onset-gated, CRC)",0.25,1,0,3525.0,12
"HERA-v3 (onset-gated, CRC)",0.3,1,0,3525.0,12
"HERA-v3 (onset-gated, CRC)",0.4,1,0,1050.0,12
"HERA-v3b (onset gate + burn-in, CRC)",0.1,1,0,4582.5,12
"HERA-v3b (onset gate + burn-in, CRC)",0.15,1,0,4582.5,12
"HERA-v3b (onset gate + burn-in, CRC)",0.2,1,0,4290.0,12
"HERA-v3b (onset gate + burn-in, CRC)",0.25,1,0,3750.0,12
"HERA-v3b (onset gate + burn-in, CRC)",0.3,1,0,3750.0,12
"HERA-v3b (onset gate + burn-in, CRC)",0.4,1,0,1050.0,12
"Always-cloud, CRC + burn-in",0.1,1,0,4447.5,12
"Always-cloud, CRC + burn-in",0.15,1,0,4447.5,12
"Always-cloud, CRC + burn-in",0.2,1,0,4290.0,12
"Always-cloud, CRC + burn-in",0.25,1,0,3750.0,12
"Always-cloud, CRC + burn-in",0.3,1,0,3750.0,12
"Always-cloud, CRC + burn-in",0.4,1,0,1050.0,12
"Always-cloud, CRC",0.1,1,0,4290.0,12
"Always-cloud, CRC",0.15,1,0,4290.0,12
"Always-cloud, CRC",0.2,1,0,3750.0,12
"Always-cloud, CRC",0.25,1,0,3435.0,12
"Always-cloud, CRC",0.3,1,0,3435.0,12
"Always-cloud, CRC",0.4,1,0,892.5,12
"Always-edge, CRC",0.1,1,0,1297.5,12
"Always-edge, CRC",0.15,1,0,1297.5,12
"Always-edge, CRC",0.2,1,0,1185.0,12
"Always-edge, CRC",0.25,1,0,1095.0,12
"Always-edge, CRC",0.3,1,0,1095.0,12
"Always-edge, CRC",0.4,1,0,892.5,12
"Cloud point, fixed thr. H_p",,1,0,0.0,12
"Cloud point, fixed thr. H_c",,1,0,0.0,12
Anomaly threshold,,1,0,0.0,12
"HERA-v3 (onset-gated, CRC)",0.1,1,1,4672.5,12
"HERA-v3 (onset-gated, CRC)",0.15,1,1,4672.5,12
"HERA-v3 (onset-gated, CRC)",0.2,1,1,3705.0,12
"HERA-v3 (onset-gated, CRC)",0.25,1,1,3142.5,12
"HERA-v3 (onset-gated, CRC)",0.3,1,1,3142.5,12
"HERA-v3 (onset-gated, CRC)",0.4,1,1,1410.0,12
"HERA-v3b (onset gate + burn-in, CRC)",0.1,1,1,4672.5,12
"HERA-v3b (onset gate + burn-in, CRC)",0.15,1,1,4672.5,12
"HERA-v3b (onset gate + burn-in, CRC)",0.2,1,1,4492.5,12
"HERA-v3b (onset gate + burn-in, CRC)",0.25,1,1,3997.5,12
"HERA-v3b (onset gate + burn-in, CRC)",0.3,1,1,3997.5,12
"HERA-v3b (onset gate + burn-in, CRC)",0.4,1,1,1567.5,12
"Always-cloud, CRC + burn-in",0.1,1,1,4672.5,12
"Always-cloud, CRC + burn-in",0.15,1,1,4672.5,12
"Always-cloud, CRC + burn-in",0.2,1,1,4402.5,12
"Always-cloud, CRC + burn-in",0.25,1,1,3997.5,12
"Always-cloud, CRC + burn-in",0.3,1,1,3997.5,12
"Always-cloud, CRC + burn-in",0.4,1,1,1567.5,12
"Always-cloud, CRC",0.1,1,1,4672.5,12
"Always-cloud, CRC",0.15,1,1,4672.5,12
"Always-cloud, CRC",0.2,1,1,3705.0,12
"Always-cloud, CRC",0.25,1,1,2805.0,12
"Always-cloud, CRC",0.3,1,1,2805.0,12
"Always-cloud, CRC",0.4,1,1,1410.0,12
"Always-edge, CRC",0.1,1,1,1005.0,12
"Always-edge, CRC",0.15,1,1,1005.0,12
"Always-edge, CRC",0.2,1,1,825.0,12
"Always-edge, CRC",0.25,1,1,780.0,12
"Always-edge, CRC",0.3,1,1,780.0,12
"Always-edge, CRC",0.4,1,1,577.5,12
"Cloud point, fixed thr. H_p",,1,1,0.0,12
"Cloud point, fixed thr. H_c",,1,1,0.0,12
Anomaly threshold,,1,1,0.0,12
"HERA-v3 (onset-gated, CRC)",0.1,1,2,4560.0,12
"HERA-v3 (onset-gated, CRC)",0.15,1,2,4560.0,12
"HERA-v3 (onset-gated, CRC)",0.2,1,2,3007.5,12
"HERA-v3 (onset-gated, CRC)",0.25,1,2,1792.5,12
"HERA-v3 (onset-gated, CRC)",0.3,1,2,1792.5,12
"HERA-v3 (onset-gated, CRC)",0.4,1,2,1545.0,12
"HERA-v3b (onset gate + burn-in, CRC)",0.1,1,2,4560.0,12
"HERA-v3b (onset gate + burn-in, CRC)",0.15,1,2,4560.0,12
"HERA-v3b (onset gate + burn-in, CRC)",0.2,1,2,4537.5,12
"HERA-v3b (onset gate + burn-in, CRC)",0.25,1,2,3390.0,12
"HERA-v3b (onset gate + burn-in, CRC)",0.3,1,2,3390.0,12
"HERA-v3b (onset gate + burn-in, CRC)",0.4,1,2,1545.0,12
"Always-cloud, CRC + burn-in",0.1,1,2,4560.0,12
"Always-cloud, CRC + burn-in",0.15,1,2,4560.0,12
"Always-cloud, CRC + burn-in",0.2,1,2,4312.5,12
"Always-cloud, CRC + burn-in",0.25,1,2,3390.0,12
"Always-cloud, CRC + burn-in",0.3,1,2,3390.0,12
"Always-cloud, CRC + burn-in",0.4,1,2,1545.0,12
"Always-cloud, CRC",0.1,1,2,4560.0,12
"Always-cloud, CRC",0.15,1,2,4560.0,12
"Always-cloud, CRC",0.2,1,2,2895.0,12
"Always-cloud, CRC",0.25,1,2,1725.0,12
"Always-cloud, CRC",0.3,1,2,1725.0,12
"Always-cloud, CRC",0.4,1,2,1455.0,12
"Always-edge, CRC",0.1,1,2,1522.5,12
"Always-edge, CRC",0.15,1,2,1522.5,12
"Always-edge, CRC",0.2,1,2,1455.0,12
"Always-edge, CRC",0.25,1,2,1162.5,12
"Always-edge, CRC",0.3,1,2,1162.5,12
"Always-edge, CRC",0.4,1,2,667.5,12
"Cloud point, fixed thr. H_p",,1,2,0.0,12
"Cloud point, fixed thr. H_c",,1,2,0.0,12
Anomaly threshold,,1,2,0.0,12
"HERA-v3 (onset-gated, CRC)",0.1,1,3,2760.0,12
"HERA-v3 (onset-gated, CRC)",0.15,1,3,2760.0,12
"HERA-v3 (onset-gated, CRC)",0.2,1,3,2715.0,12
"HERA-v3 (onset-gated, CRC)",0.25,1,3,2647.5,12
"HERA-v3 (onset-gated, CRC)",0.3,1,3,2647.5,12
"HERA-v3 (onset-gated, CRC)",0.4,1,3,2062.5,12
"HERA-v3b (onset gate + burn-in, CRC)",0.1,1,3,5032.5,12
"HERA-v3b (onset gate + burn-in, CRC)",0.15,1,3,5032.5,12
"HERA-v3b (onset gate + burn-in, CRC)",0.2,1,3,2760.0,12
"HERA-v3b (onset gate + burn-in, CRC)",0.25,1,3,2647.5,12
"HERA-v3b (onset gate + burn-in, CRC)",0.3,1,3,2647.5,12
"HERA-v3b (onset gate + burn-in, CRC)",0.4,1,3,2062.5,12
"Always-cloud, CRC + burn-in",0.1,1,3,4920.0,12
"Always-cloud, CRC + burn-in",0.15,1,3,4920.0,12
"Always-cloud, CRC + burn-in",0.2,1,3,2760.0,12
"Always-cloud, CRC + burn-in",0.25,1,3,2647.5,12
"Always-cloud, CRC + burn-in",0.3,1,3,2647.5,12
"Always-cloud, CRC + burn-in",0.4,1,3,2062.5,12
"Always-cloud, CRC",0.1,1,3,2760.0,12
"Always-cloud, CRC",0.15,1,3,2760.0,12
"Always-cloud, CRC",0.2,1,3,2647.5,12
"Always-cloud, CRC",0.25,1,3,2400.0,12
"Always-cloud, CRC",0.3,1,3,2400.0,12
"Always-cloud, CRC",0.4,1,3,2062.5,12
"Always-edge, CRC",0.1,1,3,1545.0,12
"Always-edge, CRC",0.15,1,3,1545.0,12
"Always-edge, CRC",0.2,1,3,1185.0,12
"Always-edge, CRC",0.25,1,3,915.0,12
"Always-edge, CRC",0.3,1,3,915.0,12
"Always-edge, CRC",0.4,1,3,847.5,12
"Cloud point, fixed thr. H_p",,1,3,0.0,12
"Cloud point, fixed thr. H_c",,1,3,0.0,12
Anomaly threshold,,1,3,0.0,12
"HERA-v3 (onset-gated, CRC)",0.1,1,4,4672.5,12
"HERA-v3 (onset-gated, CRC)",0.15,1,4,4672.5,12
"HERA-v3 (onset-gated, CRC)",0.2,1,4,2872.5,12
"HERA-v3 (onset-gated, CRC)",0.25,1,4,2827.5,12
"HERA-v3 (onset-gated, CRC)",0.3,1,4,2827.5,12
"HERA-v3 (onset-gated, CRC)",0.4,1,4,2107.5,12
"HERA-v3b (onset gate + burn-in, CRC)",0.1,1,4,4672.5,12
"HERA-v3b (onset gate + burn-in, CRC)",0.15,1,4,4672.5,12
"HERA-v3b (onset gate + burn-in, CRC)",0.2,1,4,3840.0,12
"HERA-v3b (onset gate + burn-in, CRC)",0.25,1,4,2872.5,12
"HERA-v3b (onset gate + burn-in, CRC)",0.3,1,4,2872.5,12
"HERA-v3b (onset gate + burn-in, CRC)",0.4,1,4,2310.0,12
"Always-cloud, CRC + burn-in",0.1,1,4,4672.5,12
"Always-cloud, CRC + burn-in",0.15,1,4,4672.5,12
"Always-cloud, CRC + burn-in",0.2,1,4,3840.0,12
"Always-cloud, CRC + burn-in",0.25,1,4,2872.5,12
"Always-cloud, CRC + burn-in",0.3,1,4,2872.5,12
"Always-cloud, CRC + burn-in",0.4,1,4,2310.0,12
"Always-cloud, CRC",0.1,1,4,4672.5,12
"Always-cloud, CRC",0.15,1,4,4672.5,12
"Always-cloud, CRC",0.2,1,4,2872.5,12
"Always-cloud, CRC",0.25,1,4,2827.5,12
"Always-cloud, CRC",0.3,1,4,2827.5,12
"Always-cloud, CRC",0.4,1,4,1837.5,12
"Always-edge, CRC",0.1,1,4,1950.0,12
"Always-edge, CRC",0.15,1,4,1950.0,12
"Always-edge, CRC",0.2,1,4,1410.0,12
"Always-edge, CRC",0.25,1,4,1320.0,12
"Always-edge, CRC",0.3,1,4,1320.0,12
"Always-edge, CRC",0.4,1,4,1230.0,12
"Cloud point, fixed thr. H_p",,1,4,0.0,12
"Cloud point, fixed thr. H_c",,1,4,0.0,12
Anomaly threshold,,1,4,0.0,12
"HERA-v3 (onset-gated, CRC)",0.1,2,0,4042.5,12
"HERA-v3 (onset-gated, CRC)",0.15,2,0,4042.5,12
"HERA-v3 (onset-gated, CRC)",0.2,2,0,3997.5,12
"HERA-v3 (onset-gated, CRC)",0.25,2,0,3795.0,12
"HERA-v3 (onset-gated, CRC)",0.3,2,0,3795.0,12
"HERA-v3 (onset-gated, CRC)",0.4,2,0,2265.0,12
"HERA-v3b (onset gate + burn-in, CRC)",0.1,2,0,6000.0,12
"HERA-v3b (onset gate + burn-in, CRC)",0.15,2,0,6000.0,12
"HERA-v3b (onset gate + burn-in, CRC)",0.2,2,0,4042.5,12
"HERA-v3b (onset gate + burn-in, CRC)",0.25,2,0,3885.0,12
"HERA-v3b (onset gate + burn-in, CRC)",0.3,2,0,3885.0,12
"HERA-v3b (onset gate + burn-in, CRC)",0.4,2,0,2265.0,12
"Always-cloud, CRC + burn-in",0.1,2,0,4470.0,12
"Always-cloud, CRC + burn-in",0.15,2,0,4470.0,12
"Always-cloud, CRC + burn-in",0.2,2,0,4042.5,12
"Always-cloud, CRC + burn-in",0.25,2,0,3885.0,12
"Always-cloud, CRC + burn-in",0.3,2,0,3885.0,12
"Always-cloud, CRC + burn-in",0.4,2,0,2265.0,12
"Always-cloud, CRC",0.1,2,0,4042.5,12
"Always-cloud, CRC",0.15,2,0,4042.5,12
"Always-cloud, CRC",0.2,2,0,3997.5,12
"Always-cloud, CRC",0.25,2,0,3660.0,12
"Always-cloud, CRC",0.3,2,0,3660.0,12
"Always-cloud, CRC",0.4,2,0,2265.0,12
"Always-edge, CRC",0.1,2,0,1972.5,12
"Always-edge, CRC",0.15,2,0,1972.5,12
"Always-edge, CRC",0.2,2,0,1545.0,12
"Always-edge, CRC",0.25,2,0,1387.5,12
"Always-edge, CRC",0.3,2,0,1387.5,12
"Always-edge, CRC",0.4,2,0,1095.0,12
"Cloud point, fixed thr. H_p",,2,0,0.0,12
"Cloud point, fixed thr. H_c",,2,0,0.0,12
Anomaly threshold,,2,0,0.0,12
"HERA-v3 (onset-gated, CRC)",0.1,2,1,4357.5,12
"HERA-v3 (onset-gated, CRC)",0.15,2,1,4357.5,12
"HERA-v3 (onset-gated, CRC)",0.2,2,1,4177.5,12
"HERA-v3 (onset-gated, CRC)",0.25,2,1,3840.0,12
"HERA-v3 (onset-gated, CRC)",0.3,2,1,3840.0,12
"HERA-v3 (onset-gated, CRC)",0.4,2,1,2062.5,12
"HERA-v3b (onset gate + burn-in, CRC)",0.1,2,1,6000.0,12
"HERA-v3b (onset gate + burn-in, CRC)",0.15,2,1,6000.0,12
"HERA-v3b (onset gate + burn-in, CRC)",0.2,2,1,4222.5,12
"HERA-v3b (onset gate + burn-in, CRC)",0.25,2,1,4177.5,12
"HERA-v3b (onset gate + burn-in, CRC)",0.3,2,1,4177.5,12
"HERA-v3b (onset gate + burn-in, CRC)",0.4,2,1,2062.5,12
"Always-cloud, CRC + burn-in",0.1,2,1,4357.5,12
"Always-cloud, CRC + burn-in",0.15,2,1,4357.5,12
"Always-cloud, CRC + burn-in",0.2,2,1,4222.5,12
"Always-cloud, CRC + burn-in",0.25,2,1,4177.5,12
"Always-cloud, CRC + burn-in",0.3,2,1,4177.5,12
"Always-cloud, CRC + burn-in",0.4,2,1,2062.5,12
"Always-cloud, CRC",0.1,2,1,4357.5,12
"Always-cloud, CRC",0.15,2,1,4357.5,12
"Always-cloud, CRC",0.2,2,1,4177.5,12
"Always-cloud, CRC",0.25,2,1,3502.5,12
"Always-cloud, CRC",0.3,2,1,3502.5,12
"Always-cloud, CRC",0.4,2,1,2062.5,12
"Always-edge, CRC",0.1,2,1,1882.5,12
"Always-edge, CRC",0.15,2,1,1882.5,12
"Always-edge, CRC",0.2,2,1,1185.0,12
"Always-edge, CRC",0.25,2,1,1162.5,12
"Always-edge, CRC",0.3,2,1,1162.5,12
"Always-edge, CRC",0.4,2,1,982.5,12
"Cloud point, fixed thr. H_p",,2,1,0.0,12
"Cloud point, fixed thr. H_c",,2,1,0.0,12
Anomaly threshold,,2,1,0.0,12
"HERA-v3 (onset-gated, CRC)",0.1,2,2,4740.0,12
"HERA-v3 (onset-gated, CRC)",0.15,2,2,4740.0,12
"HERA-v3 (onset-gated, CRC)",0.2,2,2,4312.5,12
"HERA-v3 (onset-gated, CRC)",0.25,2,2,2985.0,12
"HERA-v3 (onset-gated, CRC)",0.3,2,2,2985.0,12
"HERA-v3 (onset-gated, CRC)",0.4,2,2,2175.0,12
"HERA-v3b (onset gate + burn-in, CRC)",0.1,2,2,6000.0,12
"HERA-v3b (onset gate + burn-in, CRC)",0.15,2,2,6000.0,12
"HERA-v3b (onset gate + burn-in, CRC)",0.2,2,2,6000.0,12
"HERA-v3b (onset gate + burn-in, CRC)",0.25,2,2,4740.0,12
"HERA-v3b (onset gate + burn-in, CRC)",0.3,2,2,4740.0,12
"HERA-v3b (onset gate + burn-in, CRC)",0.4,2,2,2175.0,12
"Always-cloud, CRC + burn-in",0.1,2,2,4740.0,12
"Always-cloud, CRC + burn-in",0.15,2,2,4740.0,12
"Always-cloud, CRC + burn-in",0.2,2,2,4582.5,12
"Always-cloud, CRC + burn-in",0.25,2,2,3817.5,12
"Always-cloud, CRC + burn-in",0.3,2,2,3817.5,12
"Always-cloud, CRC + burn-in",0.4,2,2,2175.0,12
"Always-cloud, CRC",0.1,2,2,4740.0,12
"Always-cloud, CRC",0.15,2,2,4740.0,12
"Always-cloud, CRC",0.2,2,2,4155.0,12
"Always-cloud, CRC",0.25,2,2,2985.0,12
"Always-cloud, CRC",0.3,2,2,2985.0,12
"Always-cloud, CRC",0.4,2,2,2175.0,12
"Always-edge, CRC",0.1,2,2,2220.0,12
"Always-edge, CRC",0.15,2,2,2220.0,12
"Always-edge, CRC",0.2,2,2,1545.0,12
"Always-edge, CRC",0.25,2,2,1477.5,12
"Always-edge, CRC",0.3,2,2,1477.5,12
"Always-edge, CRC",0.4,2,2,937.5,12
"Cloud point, fixed thr. H_p",,2,2,0.0,12
"Cloud point, fixed thr. H_c",,2,2,0.0,12
Anomaly threshold,,2,2,0.0,12
"HERA-v3 (onset-gated, CRC)",0.1,2,3,3480.0,12
"HERA-v3 (onset-gated, CRC)",0.15,2,3,3480.0,12
"HERA-v3 (onset-gated, CRC)",0.2,2,3,3322.5,12
"HERA-v3 (onset-gated, CRC)",0.25,2,3,2872.5,12
"HERA-v3 (onset-gated, CRC)",0.3,2,3,2872.5,12
"HERA-v3 (onset-gated, CRC)",0.4,2,3,1725.0,12
"HERA-v3b (onset gate + burn-in, CRC)",0.1,2,3,4447.5,12
"HERA-v3b (onset gate + burn-in, CRC)",0.15,2,3,4447.5,12
"HERA-v3b (onset gate + burn-in, CRC)",0.2,2,3,3480.0,12
"HERA-v3b (onset gate + burn-in, CRC)",0.25,2,3,3322.5,12
"HERA-v3b (onset gate + burn-in, CRC)",0.3,2,3,3322.5,12
"HERA-v3b (onset gate + burn-in, CRC)",0.4,2,3,2805.0,12
"Always-cloud, CRC + burn-in",0.1,2,3,4177.5,12
"Always-cloud, CRC + burn-in",0.15,2,3,4177.5,12
"Always-cloud, CRC + burn-in",0.2,2,3,3480.0,12
"Always-cloud, CRC + burn-in",0.25,2,3,3322.5,12
"Always-cloud, CRC + burn-in",0.3,2,3,3322.5,12
"Always-cloud, CRC + burn-in",0.4,2,3,2805.0,12
"Always-cloud, CRC",0.1,2,3,3480.0,12
"Always-cloud, CRC",0.15,2,3,3480.0,12
"Always-cloud, CRC",0.2,2,3,3322.5,12
"Always-cloud, CRC",0.25,2,3,2872.5,12
"Always-cloud, CRC",0.3,2,3,2872.5,12
"Always-cloud, CRC",0.4,2,3,1725.0,12
"Always-edge, CRC",0.1,2,3,2017.5,12
"Always-edge, CRC",0.15,2,3,2017.5,12
"Always-edge, CRC",0.2,2,3,1725.0,12
"Always-edge, CRC",0.25,2,3,1387.5,12
"Always-edge, CRC",0.3,2,3,1387.5,12
"Always-edge, CRC",0.4,2,3,1162.5,12
"Cloud point, fixed thr. H_p",,2,3,0.0,12
"Cloud point, fixed thr. H_c",,2,3,0.0,12
Anomaly threshold,,2,3,0.0,12
"HERA-v3 (onset-gated, CRC)",0.1,2,4,4852.5,12
"HERA-v3 (onset-gated, CRC)",0.15,2,4,4852.5,12
"HERA-v3 (onset-gated, CRC)",0.2,2,4,3300.0,12
"HERA-v3 (onset-gated, CRC)",0.25,2,4,3187.5,12
"HERA-v3 (onset-gated, CRC)",0.3,2,4,3187.5,12
"HERA-v3 (onset-gated, CRC)",0.4,2,4,2197.5,12
"HERA-v3b (onset gate + burn-in, CRC)",0.1,2,4,6000.0,12
"HERA-v3b (onset gate + burn-in, CRC)",0.15,2,4,6000.0,12
"HERA-v3b (onset gate + burn-in, CRC)",0.2,2,4,6000.0,12
"HERA-v3b (onset gate + burn-in, CRC)",0.25,2,4,3300.0,12
"HERA-v3b (onset gate + burn-in, CRC)",0.3,2,4,3300.0,12
"HERA-v3b (onset gate + burn-in, CRC)",0.4,2,4,3075.0,12
"Always-cloud, CRC + burn-in",0.1,2,4,4852.5,12
"Always-cloud, CRC + burn-in",0.15,2,4,4852.5,12
"Always-cloud, CRC + burn-in",0.2,2,4,3435.0,12
"Always-cloud, CRC + burn-in",0.25,2,4,3300.0,12
"Always-cloud, CRC + burn-in",0.3,2,4,3300.0,12
"Always-cloud, CRC + burn-in",0.4,2,4,3075.0,12
"Always-cloud, CRC",0.1,2,4,4807.5,12
"Always-cloud, CRC",0.15,2,4,4807.5,12
"Always-cloud, CRC",0.2,2,4,3300.0,12
"Always-cloud, CRC",0.25,2,4,3187.5,12
"Always-cloud, CRC",0.3,2,4,3187.5,12
"Always-cloud, CRC",0.4,2,4,2197.5,12
"Always-edge, CRC",0.1,2,4,2265.0,12
"Always-edge, CRC",0.15,2,4,2265.0,12
"Always-edge, CRC",0.2,2,4,2040.0,12
"Always-edge, CRC",0.25,2,4,1612.5,12
"Always-edge, CRC",0.3,2,4,1612.5,12
"Always-edge, CRC",0.4,2,4,1320.0,12
"Cloud point, fixed thr. H_p",,2,4,0.0,12
"Cloud point, fixed thr. H_c",,2,4,0.0,12
Anomaly threshold,,2,4,0.0,12
