fold,arch,epochs,width,noise,val_pinball,val_rmse_s,val_raw_cov
0,TCN,25,128,0.0,0.1941888711831676,3026.416259765625,0.07926829268292683
0,TCN,25,128,0.2,0.19162865314117777,3045.915771484375,0.07317073170731707
2,TCN,25,128,0.0,0.09432030497996448,1760.5274658203125,0.23628691983122363
2,TCN,25,128,0.2,0.09123251663989869,1729.3426513671875,0.270042194092827
0,TCN,25,64,0.0,0.1786114344430133,2945.521728515625,0.11585365853658537
0,TCN,25,64,0.2,0.18232417872357295,3020.89501953125,0.10365853658536585
2,TCN,25,64,0.0,0.08491580811723459,1772.8194580078125,0.3206751054852321
2,TCN,25,64,0.2,0.07574133649835188,1743.853271484375,0.4472573839662447
0,LSTM,25,128,0.0,0.24704641882723907,3475.777099609375,0.018292682926829267
0,LSTM,25,128,0.2,0.21554449773355713,3266.417724609375,0.024390243902439025
0,GRU,25,128,0.0,0.20924097183879797,3147.1083984375,0.06707317073170732
0,GRU,25,128,0.2,0.22001555437237266,3236.84228515625,0.054878048780487805
0,CNN-LSTM,25,128,0.0,0.21109280135573408,3177.892578125,0.06097560975609756
0,CNN-LSTM,25,128,0.2,0.23283894923402043,3307.028076171875,0.012195121951219513
2,LSTM,25,128,0.0,0.18324988251748464,2790.0341796875,0.10548523206751055
2,LSTM,25,128,0.2,0.1703510760988532,2650.71923828125,0.12236286919831224
2,GRU,25,128,0.0,0.1719925180224259,2634.622314453125,0.046413502109704644
2,GRU,25,128,0.2,0.1639473092203905,2530.101806640625,0.02531645569620253
2,CNN-LSTM,25,128,0.0,0.17533425358444996,2707.74853515625,0.02109704641350211
2,CNN-LSTM,25,128,0.2,0.18359178278055538,2745.02734375,0.008438818565400843
0,TCN,8,128,0.0,0.17543781138331882,3136.70654296875,0.25
0,TCN,8,128,0.2,0.1767925649430845,3159.379638671875,0.2621951219512195
2,TCN,8,128,0.0,0.09630633832968026,1983.444580078125,0.48945147679324896
2,TCN,8,128,0.2,0.08687496217434018,1911.241455078125,0.5189873417721519
0,TCN,25,32,0.0,0.15240442185564254,2803.524658203125,0.2682926829268293
0,TCN,25,32,0.2,0.14868186319898058,2800.42138671875,0.2865853658536585
2,TCN,25,32,0.0,0.09290088180546895,1925.7886962890625,0.379746835443038
2,TCN,25,32,0.2,0.14580968190325128,2665.6650390625,0.15611814345991562
0,LSTM,25,64,0.0,0.2248895287846889,3291.6533203125,0.07317073170731707
0,LSTM,25,64,0.2,0.22615382811433174,3302.677001953125,0.09146341463414634
0,GRU,25,64,0.0,0.1862335946399537,2984.91259765625,0.0975609756097561
0,GRU,25,64,0.2,0.1807092607486993,2877.010986328125,0.09146341463414634
0,CNN-LSTM,25,64,0.0,0.21689203092298373,3281.65478515625,0.06707317073170732
0,CNN-LSTM,25,64,0.2,0.20235339586236856,3169.15869140625,0.07317073170731707
2,LSTM,25,64,0.0,0.1773055539195296,2743.8828125,0.08438818565400844
2,LSTM,25,64,0.2,0.17097546491358018,2679.167236328125,0.13924050632911392
2,GRU,25,64,0.0,0.1893399045280012,2870.39697265625,0.0379746835443038
2,GRU,25,64,0.2,0.18073727318024163,2762.827392578125,0.03375527426160337
2,CNN-LSTM,25,64,0.0,0.20404786440935485,3035.568359375,0.02531645569620253
2,CNN-LSTM,25,64,0.2,0.18302779465326946,2783.135009765625,0.02109704641350211
0,TCN,8,64,0.0,0.161939273442225,3083.358154296875,0.36585365853658536
0,TCN,8,64,0.2,0.15691315758527574,3053.919189453125,0.35365853658536583
2,TCN,8,64,0.0,0.07489832536213929,1814.9725341796875,0.6118143459915611
2,TCN,8,64,0.2,0.0652732401148386,1707.9979248046875,0.6624472573839663
0,LSTM,8,128,0.0,0.1869637171374407,3127.471435546875,0.36585365853658536
0,LSTM,8,128,0.2,0.19073717255728337,3187.173828125,0.2621951219512195
0,GRU,8,128,0.0,0.13637230240179576,2683.79052734375,0.4024390243902439
0,GRU,8,128,0.2,0.1379771143010613,2772.373291015625,0.4329268292682927
0,CNN-LSTM,8,128,0.0,0.161996719851045,3129.65380859375,0.4268292682926829
0,CNN-LSTM,8,128,0.2,0.1580643848463045,3013.59228515625,0.4329268292682927
2,LSTM,8,128,0.0,0.1710230592266249,2781.366455078125,0.15611814345991562
2,LSTM,8,128,0.2,0.17123244461798634,2820.83251953125,0.189873417721519
2,GRU,8,128,0.0,0.16632093359714925,3161.507568359375,0.3080168776371308
2,GRU,8,128,0.2,0.15204377843305447,2913.6826171875,0.3628691983122363
2,CNN-LSTM,8,128,0.0,0.14630099395984253,2540.721923828125,0.16877637130801687
2,CNN-LSTM,8,128,0.2,0.15817945655566312,2731.727294921875,0.1518987341772152
0,LSTM,25,32,0.0,0.22599707491150717,3298.033447265625,0.06707317073170732
0,LSTM,25,32,0.2,0.22644989197028847,3295.92919921875,0.042682926829268296
0,GRU,25,32,0.0,0.18268173010489808,3039.342041015625,0.29878048780487804
0,GRU,25,32,0.2,0.18615559859852482,3038.233642578125,0.27439024390243905
0,CNN-LSTM,25,32,0.0,0.20307731211367175,3189.844970703125,0.12804878048780488
0,CNN-LSTM,25,32,0.2,0.2091984179794667,3199.81982421875,0.12804878048780488
2,LSTM,25,32,0.0,0.16970644710446628,2683.634033203125,0.05485232067510549
2,LSTM,25,32,0.2,0.17554839112482828,2725.36572265625,0.05907172995780591
2,GRU,25,32,0.0,0.166805368006418,2798.024658203125,0.16877637130801687
2,GRU,25,32,0.2,0.1717667190952727,2987.8583984375,0.22362869198312235
2,CNN-LSTM,25,32,0.0,0.17604337215381666,2673.751220703125,0.05907172995780591
2,CNN-LSTM,25,32,0.2,0.16858484051419545,2606.3818359375,0.10548523206751055
0,TCN,8,32,0.0,0.13078322667132578,2798.296875,0.38414634146341464
0,TCN,8,32,0.2,0.12527715028755793,2729.62353515625,0.3719512195121951
2,TCN,8,32,0.0,0.08410052015811584,1974.2540283203125,0.5654008438818565
2,TCN,8,32,0.2,0.0819996776219075,1975.148193359375,0.6118143459915611
0,LSTM,8,64,0.0,0.1377574355788226,2952.086669921875,0.5121951219512195
0,LSTM,8,64,0.2,0.14118886927854482,2899.08984375,0.4451219512195122
0,GRU,8,64,0.0,0.11687690009764297,2954.927001953125,0.5
0,GRU,8,64,0.2,0.11734636511286434,2967.349365234375,0.4573170731707317
0,CNN-LSTM,8,64,0.0,0.15382890595857632,3167.1484375,0.40853658536585363
0,CNN-LSTM,8,64,0.2,0.15750204640898735,3205.339599609375,0.4024390243902439
2,LSTM,8,64,0.0,0.1670687778128518,2762.567138671875,0.18143459915611815
2,LSTM,8,64,0.2,0.1452330317678331,2471.166015625,0.1518987341772152
2,GRU,8,64,0.0,0.13539087810421313,2661.962158203125,0.4050632911392405
2,GRU,8,64,0.2,0.12842023994370183,2576.28564453125,0.4008438818565401
2,CNN-LSTM,8,64,0.0,0.14798495745922946,2559.401123046875,0.24472573839662448
2,CNN-LSTM,8,64,0.2,0.15538600474470277,2681.234619140625,0.20253164556962025
0,Edge-CNN,25,16,0.0,0.20198772196938108,3853.126953125,0.45121951219512196
0,Edge-CNN,25,16,0.2,0.1764696167198926,3424.14599609375,0.4451219512195122
0,Edge-GRU,25,16,0.0,0.17828699024394157,3330.9091796875,0.29878048780487804
0,Edge-GRU,25,16,0.2,0.17096267495686718,3312.22021484375,0.29878048780487804
2,Edge-CNN,25,16,0.0,0.04828208910901251,1360.234619140625,0.7637130801687764
2,Edge-CNN,25,16,0.2,0.05206520439740584,1483.874755859375,0.6751054852320675
2,Edge-GRU,25,16,0.0,0.10906078754210355,2205.16357421875,0.4472573839662447
2,Edge-GRU,25,16,0.2,0.11008538894260986,2224.6474609375,0.4472573839662447
0,LSTM,8,32,0.0,0.13359559698681522,3048.578857421875,0.524390243902439
0,LSTM,8,32,0.2,0.14124869103657037,3152.374267578125,0.5121951219512195
0,GRU,8,32,0.0,0.12534485057382505,2982.357177734375,0.5487804878048781
0,GRU,8,32,0.2,0.12701365887641727,2959.403076171875,0.5548780487804879
0,CNN-LSTM,8,32,0.0,0.13524720542799168,2907.89306640625,0.4817073170731707
0,CNN-LSTM,8,32,0.2,0.14505552751527023,3062.55615234375,0.43902439024390244
2,LSTM,8,32,0.0,0.13054174623398423,2475.747802734375,0.379746835443038
2,LSTM,8,32,0.2,0.13246548570975472,2520.25341796875,0.4008438818565401
2,GRU,8,32,0.0,0.07423529808950492,1806.3773193359375,0.5907172995780591
2,GRU,8,32,0.2,0.07380551150325378,1793.364501953125,0.5864978902953587
2,CNN-LSTM,8,32,0.0,0.10001747013029084,2030.0654296875,0.4177215189873418
2,CNN-LSTM,8,32,0.2,0.09705902512896541,1988.727783203125,0.46835443037974683
0,Edge-CNN,8,16,0.0,0.08657250688903458,2581.991455078125,0.6585365853658537
0,Edge-CNN,8,16,0.2,0.08447787772231864,2638.26220703125,0.7804878048780488
0,Edge-GRU,8,16,0.0,0.10416474704350522,2873.780517578125,0.8048780487804879
0,Edge-GRU,8,16,0.2,0.10485630014067049,2909.642822265625,0.8048780487804879
2,Edge-CNN,8,16,0.0,0.06824973634694365,2115.181396484375,0.8270042194092827
2,Edge-CNN,8,16,0.2,0.06557417423811476,2041.750732421875,0.8354430379746836
2,Edge-GRU,8,16,0.0,0.05941968761075357,1798.155029296875,0.8818565400843882
2,Edge-GRU,8,16,0.2,0.06238556645716294,1858.777099609375,0.869198312236287
