policy,unsafe_rate,missed_urgent,false_urgent,false_maint,action_acc,approval_load,escalation_rate,rmse,mae,bytes_per_snapshot,latency_mean_ms,kmacs_per_snapshot,picp,mpiw,seed
Always-edge,0.0,0.13333333333333333,0.5193900828430784,0.7279385280345779,0.2842881944444444,0.7514105902777778,0.0,1511.620849609375,1058.11962890625,0.0,0.06729149936290924,17.456,0.9829644097222222,4054.02001953125,0
Always-cloud,0.10476190476190476,0.2126984126984127,0.09556969624204587,0.6710289350462241,0.3312717013888889,0.6819661458333334,1.0,1462.017822265625,1143.4769287109375,112.0,50.6246455013752,382.24,0.9419487847222222,3048.819580078125,0
Cloud point+threshold,0.27936507936507937,0.8253968253968254,0.023772361628046586,0.09124744867331012,0.8513454861111112,0.13953993055555555,1.0,1662.695068359375,1319.8890380859375,112.0,50.6246455013752,382.24,,,0
HERA-full,0.10476190476190476,0.2126984126984127,0.09544963380958098,0.4541961820146476,0.5272352430555556,0.4860026041666667,0.7514105902777778,1409.3192138671875,948.8692626953125,98.28472222222223,38.10718625815449,304.67518402777773,0.9391276041666666,2479.939208984375,0
HERA w/o anomaly term,0.10476190476190476,0.2126984126984127,0.09544963380958098,0.4541961820146476,0.5272352430555556,0.4860026041666667,0.7514105902777778,1409.3192138671875,948.8692626953125,98.28472222222223,38.10718625815449,304.67518402777773,0.9391276041666666,2479.939208984375,0
HERA-no-DT,0.1619047619047619,0.2761904761904762,0.08476407732020651,0.25345179493336534,0.7059461805555556,0.2999131944444444,0.7514105902777778,1343.5516357421875,775.5454711914062,98.28472222222223,38.10718625815449,304.67518402777773,0.9409722222222222,2133.02734375,0
HERA-no-UQ,0.27936507936507937,0.8253968253968254,0.023772361628046586,0.0887261375915476,0.8536241319444444,0.1372612847222222,0.6764322916666666,2123.85888671875,1796.2799072265625,90.56770833333333,34.31143647067074,276.0154791666667,,,0
HERA-fixed (anomaly trigger),0.0,0.13333333333333333,0.5193900828430784,0.7279385280345779,0.2842881944444444,0.7514105902777778,0.054036458333333336,1583.1505126953125,1082.4774169921875,20.32465277777778,2.802868046637741,38.11089583333334,0.9673394097222222,4023.76953125,0
Width gate (matched),0.10476190476190476,0.2126984126984127,0.09544963380958098,0.45455636931204224,0.5269097222222222,0.486328125,0.7517361111111112,1409.4114990234375,949.16015625,98.28472222222223,38.123665634945304,304.7996111111111,0.9391276041666666,2480.123291015625,0
Linear score gate (matched),0.10476190476190476,0.2126984126984127,0.09544963380958098,0.456837555528875,0.5249565972222222,0.4884982638888889,0.7425130208333334,1407.212890625,942.664794921875,97.640625,37.65674995920563,301.2741770833333,0.9391276041666666,2480.90673828125,0
Random gate (matched),0.07936507936507936,0.2,0.20974906951614838,0.6896386120782807,0.3157552083333333,0.7037760416666666,0.7298177083333334,1481.1893310546875,1124.138427734375,123.93923611111111,37.01405426436395,296.4215208333333,0.9526909722222222,3326.3505859375,0
Always-edge,0.0,0.044444444444444446,0.46031936607035656,0.7314203385760596,0.2841796875,0.7564019097222222,0.0,1519.0391845703125,1086.030517578125,0.0,0.06729149936290924,17.456,0.9908854166666666,4084.5087890625,1
Always-cloud,0.07301587301587302,0.25396825396825395,0.09592988353944051,0.6424540761195822,0.3568793402777778,0.6572265625,1.0,1414.13720703125,1049.12939453125,112.0,50.6246455013752,382.24,0.9263237847222222,3009.37548828125,1
Cloud point+threshold,0.44761904761904764,0.7396825396825397,0.031456357305799015,0.05907071677272181,0.8815104166666666,0.1044921875,1.0,1589.46240234375,1122.4832763671875,112.0,50.6246455013752,382.24,,,1
HERA-full,0.07301587301587302,0.25396825396825395,0.09424900948493216,0.456837555528875,0.5246310763888888,0.4894748263888889,0.7564019097222222,1361.8822021484375,872.0269165039062,103.83854166666667,38.35987003561362,306.58306597222224,0.92578125,2526.6611328125,1
HERA w/o anomaly term,0.07301587301587302,0.25396825396825395,0.09424900948493216,0.456837555528875,0.5246310763888888,0.4894748263888889,0.7564019097222222,1361.8822021484375,872.0269165039062,103.83854166666667,38.35987003561362,306.58306597222224,0.92578125,2526.6611328125,1
HERA-no-DT,0.0761904761904762,0.2634920634920635,0.09592988353944051,0.17913314923760357,0.7746310763888888,0.2387152777777778,0.7564019097222222,1243.0753173828125,661.425537109375,103.83854166666667,38.35987003561362,306.58306597222224,0.9429253472222222,2191.747802734375,1
HERA-no-UQ,0.44761904761904764,0.7396825396825397,0.030015608116220435,0.05498859406891583,0.8851996527777778,0.1008029513888889,0.6703559027777778,2111.381103515625,1719.43994140625,90.55555555555556,34.003821437242244,273.69284027777775,,,1
HERA-fixed (anomaly trigger),0.0,0.044444444444444446,0.4600792412054268,0.7314203385760596,0.2841796875,0.7564019097222222,0.054036458333333336,1569.976318359375,1103.8671875,20.32465277777778,2.802868046637741,38.11089583333334,0.9742838541666666,4039.5263671875,1
Width gate (matched),0.07301587301587302,0.25396825396825395,0.09424900948493216,0.4579181174210589,0.5236545138888888,0.4904513888888889,0.7581380208333334,1362.0755615234375,873.0725708007812,103.83854166666667,38.447760045164614,307.24667708333334,0.92578125,2526.82958984375,1
Linear score gate (matched),0.07301587301587302,0.25396825396825395,0.09424900948493216,0.4647616760715572,0.5174696180555556,0.4966362847222222,0.7391493055555556,1357.292724609375,857.7123413085938,101.52951388888889,37.48646306570057,299.98843055555557,0.9258897569444444,2524.907470703125,1
Random gate (matched),0.050793650793650794,0.16825396825396827,0.2085484451914996,0.6677872493696723,0.3371310763888889,0.6857638888888888,0.6810980902777778,1449.3726806640625,1061.75439453125,123.890625,34.54764087133905,277.79893402777776,0.9473741319444444,3344.5625,1
Always-edge,0.0,0.0,0.44279025093048385,0.8522031456357306,0.18033854166666666,0.8664279513888888,0.0,1424.177490234375,1010.789306640625,0.0,0.06729149936290924,17.456,0.9937065972222222,4262.263671875,2
Always-cloud,0.09841269841269841,0.24126984126984127,0.09809100732380838,0.7597550726377716,0.2533637152777778,0.7660590277777778,1.0,1387.34521484375,1033.7333984375,112.0,50.6246455013752,382.24,0.9242621527777778,3030.677490234375,2
Cloud point+threshold,0.2984126984126984,0.7746031746031746,0.0289350462240365,0.09845119462120303,0.8459201388888888,0.14561631944444445,1.0,1814.99755859375,1437.05322265625,112.0,50.6246455013752,382.24,,,2
HERA-full,0.09841269841269841,0.24126984126984127,0.09809100732380838,0.6853163645095449,0.3206380208333333,0.6987847222222222,0.8664279513888888,1371.83935546875,960.5914916992188,111.22743055555556,43.929899390908155,348.63942013888885,0.9242621527777778,2816.50439453125,2
HERA w/o anomaly term,0.09841269841269841,0.24126984126984127,0.09809100732380838,0.6853163645095449,0.3206380208333333,0.6987847222222222,0.8664279513888888,1371.83935546875,960.5914916992188,111.22743055555556,43.929899390908155,348.63942013888885,0.9242621527777778,2816.50439453125,2
HERA-no-DT,0.12380952380952381,0.2507936507936508,0.11057750030015608,0.33353343738744146,0.6302083333333334,0.3740234375,0.8664279513888888,1322.755615234375,763.5929565429688,111.22743055555556,43.929899390908155,348.63942013888885,0.9249131944444444,2479.943359375,2
HERA-no-UQ,0.2984126984126984,0.7746031746031746,0.0289350462240365,0.09629007083683515,0.8478732638888888,0.14366319444444445,0.6863064236111112,1950.3131103515625,1628.616943359375,92.02604166666667,34.811310899992044,279.7897673611111,,,2
HERA-fixed (anomaly trigger),0.0,0.0,0.44279025093048385,0.8522031456357306,0.18033854166666666,0.8664279513888888,0.054036458333333336,1471.1494140625,1027.027587890625,20.32465277777778,2.802868046637741,38.11089583333334,0.9774305555555556,4224.9365234375,2
Width gate (matched),0.09841269841269841,0.24126984126984127,0.09809100732380838,0.686276863969264,0.3197699652777778,0.6996527777777778,0.8672960069444444,1371.969970703125,961.140869140625,111.26388888888889,43.97384439568365,348.97122569444446,0.9242621527777778,2816.751220703125,2
Linear score gate (matched),0.09841269841269841,0.24126984126984127,0.09809100732380838,0.6916796734301837,0.3155381944444444,0.7051866319444444,0.8563368055555556,1369.8082275390625,954.0679321289062,110.82638888888889,43.419038710392975,344.78218055555556,0.9244791666666666,2819.66162109375,2
Random gate (matched),0.06349206349206349,0.1619047619047619,0.19029895545683756,0.785808620482651,0.23328993055555555,0.7941623263888888,0.7368706597222222,1393.900146484375,1025.50341796875,123.96354166666667,37.37110742816488,299.11744097222225,0.9423828125,3364.638671875,2
