citation_key,title,authors,year,venue,doi_or_url,verified,supports_claim
nectoux2012pronostia,PRONOSTIA: An experimental platform for bearings accelerated degradation tests,"Nectoux, Patrick and Gouriveau, Rafael and Medjaher, Kamal and Ramasso, Emmanuel and Chebel-Morello, Brigitte and Zerhouni, Noureddine and Varnier, Christophe",2012,Proc. IEEE Int. Conf. Prognostics and Health Management (PHM12),https://hal.science/hal-00719503,yes (HAL API (hal-00719503)),"yes - dataset source (PRONOSTIA platform, PHM'12)"
lei2018machinery,Machinery health prognostics: A systematic review from data acquisition to RUL prediction,"Lei, Yaguo and Li, Naipeng and Guo, Liang and Li, Ningbo and Yan, Tao and Lin, Jing",2018,Mechanical Systems and Signal Processing,https://doi.org/10.1016/j.ymssp.2017.11.016,yes (Crossref DOI),"yes - review: data acquisition, HI construction, health-stage division, RUL prediction (abstract); cited for PdM definition and health-stage division"
bai2018tcn,An Empirical Evaluation of Generic Convolutional and Recurrent Networks for Sequence Modeling,"Bai, Shaojie and Kolter, J. Zico and Koltun, Vladlen",2018,arXiv preprint arXiv:1803.01271,https://arxiv.org/abs/1803.01271,yes (arXiv API),yes - generic TCN architecture used as baseline (abstract)
xu2021industry5,"Industry 4.0 and Industry 5.0: Inception, conception and perception","Xu, Xun and Lu, Yuqian and Vogel-Heuser, Birgit and Wang, Lihui",2021,Journal of Manufacturing Systems,https://doi.org/10.1016/j.jmsy.2021.10.006,yes (Crossref DOI),yes (title + widely known editorial content; abstract not inspected in this session) - Industry 5.0 perspective; cited for human-centric motivation
ren2021cloudedge,Cloud--Edge-Based Lightweight Temporal Convolutional Networks for Remaining Useful Life Prediction in IIoT,"Ren, Lei and Liu, Yuxin and Wang, Xiaokang and Lu, Jinhu and Deen, M. Jamal",2021,IEEE Internet of Things Journal,https://doi.org/10.1109/JIOT.2020.3008170,yes (Crossref DOI),yes - edge real-time RUL + cloud refinement with history (abstract)
saleh2026hama,HAMA: A Hierarchical Adaptive Multi-Agent Architecture for Industrial IoT Predictive Maintenance,"Saleh, Rebin Birzo and Dinh, Khanh Pham and Villanyi, Balazs and Hy, Truong-Son",2026,IEEE Access,https://doi.org/10.1109/ACCESS.2026.3731096,yes (Crossref DOI + authors' public repository README),"yes - edge z-score pre-filter, fog ensembles, SHAP, small-LM operator text"
yao2026ecdistill,EC-Distill-ZeroDiag: a cloud-edge collaborative framework for zero-shot industrial fault diagnosis via large language model distillation,"Yao, Zhiwen and Xu, Yuhui and Xia, Tangbin and Chen, Zhen and Pan, Ershun and Xi, Lifeng",2026,Journal of Intelligent Manufacturing,https://doi.org/10.1007/s10845-026-02897-1,yes (Crossref DOI),yes (abstract via indexed search snippet; publisher abstract elided in APIs) - edge agent offloads uncertain fault-diagnosis cases
wang2026conformal,Uncertainty-Aware Bearing Remaining Useful Life Prediction Based on Conformal Prediction,"Wang, Shun and Vidal, Yolanda and Pozo, Francesc",2026,Proc. PHM Society European Conference,https://doi.org/10.36001/phme.2026.v9i1.4902,yes (Crossref DOI + PHM Society page),yes - conformal calibration of bearing RUL intervals (abstract)
romano2019cqr,Conformalized Quantile Regression,"Romano, Yaniv and Patterson, Evan and Cand`es, Emmanuel J.",2019,Advances in Neural Information Processing Systems (NeurIPS),https://proceedings.neurips.cc,yes (arXiv API + NeurIPS proceedings page),yes - CQR method and coverage guarantee
huang2025cab,Reliable Inference in Edge-Cloud Model Cascades via Conformal Alignment,"Huang, Jiayi and Park, Sangwoo and Paoletti, Nicola and Simeone, Osvaldo",2025,arXiv preprint arXiv:2510.17543,https://arxiv.org/abs/2510.17543,yes (arXiv API),yes - conformal-alignment edge-cloud cascade for classification (abstract)
lundberg2017shap,A Unified Approach to Interpreting Model Predictions,"Lundberg, Scott M. and Lee, Su-In",2017,Advances in Neural Information Processing Systems (NeurIPS),https://proceedings.neurips.cc,yes (arXiv API + Semantic Scholar venue/pages),yes - SHAP
barber2021jackknife,Predictive inference with the jackknife+,"Barber, Rina Foygel and Cand`es, Emmanuel J. and Ramdas, Aaditya and Tibshirani, Ryan J.",2021,The Annals of Statistics,https://doi.org/10.1214/20-AOS1965,yes (Crossref DOI),yes - jackknife+/CV+ predictive intervals with 1-2alpha guarantee (Ann. Stat.); used for CQR-CV+
wang2020xjtu,A Hybrid Prognostics Approach for Estimating Remaining Useful Life of Rolling Element Bearings,"Wang, Biao and Lei, Yaguo and Li, Naipeng and Li, Ningbo",2020,IEEE Transactions on Reliability,https://doi.org/10.1109/TR.2018.2882682,yes (Crossref DOI + dataset author's official repository README),yes - XJTU-SY dataset source paper requested by the dataset authors
angelopoulos2024crc,Conformal Risk Control,"Angelopoulos, Anastasios N. and Bates, Stephen and Fisch, Adam and Lei, Lihua and Schuster, Tal",2024,International Conference on Learning Representations (ICLR),https://proceedings.neurips.cc,yes (arXiv API (2208.02814) + official ICLR 2024 proceedings page),yes - conformal risk control of expected monotone losses; used for bearing-level lateness control
kharazian2025scania,SCANIA Component X dataset: a real-world multivariate time series dataset for predictive maintenance,"Kharazian, Zahra and Lindgren, Tony and Magnusson, Sindri and Steinert, Olof and Andersson Reyna, Oskar",2025,Scientific Data,https://doi.org/10.1038/s41597-025-04802-6,yes (Crossref DOI + DataCite dataset DOI 10.5878/bnh5-ka77),yes - SCANIA Component X fleet dataset (CC BY 4.0) used for the fleet-scale study
tao2019dt,Digital Twin in Industry: State-of-the-Art,"Tao, Fei and Zhang, He and Liu, Ang and Nee, A. Y. C.",2019,IEEE Transactions on Industrial Informatics,https://doi.org/10.1109/TII.2018.2873186,yes (Crossref DOI + Semantic Scholar abstract),yes - DTs characterized by seamless cyber-physical integration (abstract); cited to contrast our lightweight state record
jitkrittum2023cascade,When Does Confidence-Based Cascade Deferral Suffice?,"Jitkrittum, Wittawat and Gupta, Neha and Menon, Aditya Krishna and Narasimhan, Harikrishna and Rawat, Ankit Singh and Kumar, Sanjiv",2023,Advances in Neural Information Processing Systems (NeurIPS),https://proceedings.neurips.cc,yes (Crossref DOI 10.52202/075280-0431 + Semantic Scholar abstract),yes - confidence-based deferral often works well; characterizes when it fails (abstract)
geifman2017selective,Selective Classification for Deep Neural Networks,"Geifman, Yonatan and El-Yaniv, Ran",2017,Advances in Neural Information Processing Systems (NeurIPS),https://proceedings.neurips.cc/paper/2017/hash/4a8423d5e91fda00bb7e46540e2b0cf1-Abstract.html,"yes (NeurIPS proceedings page (NIPS 2017, vol. 30))",yes - selective classifier rejects inputs to meet a user-specified risk (proceedings abstract)
javanmardi2023conformal,Conformal Prediction Intervals for Remaining Useful Lifetime Estimation,"Javanmardi, Alireza and Hullermeier, Eyke",2023,International Journal of Prognostics and Health Management,https://doi.org/10.36001/ijphm.2023.v14i2.3417,yes (Crossref DOI + arXiv 2212.14612),yes - conformal RUL intervals on C-MAPSS (abstract)
basora2025benchmark,A benchmark on uncertainty quantification for deep learning prognostics,"Basora, Luis and Viens, Arthur and Arias Chao, Manuel and Olive, Xavier",2025,Reliability Engineering & System Safety,https://doi.org/10.1016/j.ress.2024.110513,yes (Crossref DOI),yes - benchmark of BNN/MC-dropout/ensemble/heteroscedastic UQ for DL prognostics (indexed snippet)
barber2023beyond,Conformal prediction beyond exchangeability,"Barber, Rina Foygel and Cand`es, Emmanuel J. and Ramdas, Aaditya and Tibshirani, Ryan J.",2023,The Annals of Statistics,https://doi.org/10.1214/23-AOS2276,yes (Crossref DOI + Semantic Scholar abstract),yes - conformal prediction when exchangeability is violated; weighted quantiles (abstract)
dunn2023hierarchical,Distribution-Free Prediction Sets for Two-Layer Hierarchical Models,"Dunn, Robin and Wasserman, Larry and Ramdas, Aaditya",2023,Journal of the American Statistical Association,https://doi.org/10.1080/01621459.2022.2060112,yes (Crossref DOI + Semantic Scholar abstract),yes - exchangeability fails with multiple observations per unit; conformal methods for two-layer hierarchical data (abstract)
foygel2021limits,The limits of distribution-free conditional predictive inference,"Foygel Barber, Rina and Cand`es, Emmanuel J. and Ramdas, Aaditya and Tibshirani, Ryan J.",2021,Information and Inference: A Journal of the IMA,https://doi.org/10.1093/imaiai/iaaa017,yes (Crossref DOI),"yes - impossibility of distribution-free test-conditional predictive coverage (title/record, well-known result)"
demsar2006statistical,Statistical Comparisons of Classifiers over Multiple Data Sets,"Demvsar, Janez",2006,Journal of Machine Learning Research,https://www.jmlr.org/papers/v7/demsar06a.html,"yes (JMLR paper page (vol. 7, pp. 1-30))",yes - recommends Wilcoxon signed-rank test for paired comparisons over multiple data sets (JMLR abstract)
vanoudenhoven2023pdm5,Predictive maintenance for industry 5.0: behavioural inquiries from a work system perspective,"van Oudenhoven, Bas and Van de Calseyde, Philippe and Basten, Rob and Demerouti, Evangelia",2023,International Journal of Production Research,https://doi.org/10.1080/00207543.2022.2154403,yes (Crossref DOI),yes - decision-makers often do not adopt system-generated PdM advice (abstract)
