family,param,seed,unsafe_rate,missed_urgent,false_urgent,false_maint,action_acc,approval_load,escalation_rate,rmse
HERA (decision-sufficiency),0.01,0,0.052073288331726135,0.4059787849566056,0.29919310471300203,0.8710801393728222,0.17923580698300454,0.8805094620113303,1.0,1086.3768310546875
HERA (decision-sufficiency),0.02,0,0.052073288331726135,0.4059787849566056,0.29919310471300203,0.8710801393728222,0.17923580698300454,0.8805094620113303,1.0,1086.3768310546875
HERA (decision-sufficiency),0.05,0,0.052073288331726135,0.4059787849566056,0.29919310471300203,0.8710801393728222,0.17923580698300454,0.8805094620113303,1.0,1086.3768310546875
HERA (decision-sufficiency),0.1,0,0.052073288331726135,0.4059787849566056,0.29919310471300203,0.8709426004034476,0.17935634215918678,0.880388926835148,0.9994776809032102,1086.3616943359375
HERA (decision-sufficiency),0.15,0,0.08968177434908389,0.4059787849566056,0.29919310471300203,0.8423803410966441,0.20370444774800112,0.853107798625899,0.9430270400578569,1087.6890869140625
HERA (decision-sufficiency),0.2,0,0.10703953712632594,0.4059787849566056,0.29914725838987716,0.8202824133504493,0.22025794527703002,0.8302061151512716,0.8967817107959339,1089.262939453125
HERA (decision-sufficiency),0.3,0,0.11089681774349083,0.4059787849566056,0.29841371721987897,0.7814505776636713,0.25276226445417654,0.7944875246092651,0.8477238940897586,1088.4674072265625
HERA (decision-sufficiency),0.4,0,0.12729026036644167,0.4059787849566056,0.2960297084173849,0.7439024390243902,0.28185142030615934,0.7570814416007071,0.8035276628229339,1087.09619140625
HERA (decision-sufficiency),0.5,0,0.15139826422372227,0.4088717454194793,0.2925912341830185,0.6977810379607555,0.3180923299449556,0.7112378962593917,0.74972879585359,1086.646728515625
Width gate,0.02,0,0.0,0.49758919961427195,0.15482303319273794,0.9994039977993765,0.08505765599260717,0.9994776809032102,0.0,784.434326171875
Linear score gate,0.02,0,0.0,0.5043394406943105,0.15445626260773887,0.9994039977993765,0.08477640724818193,0.9994776809032102,0.020008839246253365,780.7575073242188
Anomaly trigger,0.02,0,0.0,0.49758919961427195,0.15441041628461397,0.9994039977993765,0.08477640724818193,0.9994776809032102,0.020008839246253365,783.9796142578125
Random gate,0.02,0,0.0,0.49951783992285437,0.15771135154960572,0.9971116816431322,0.08646389971473342,0.9973884045160513,0.020169552814496363,792.08935546875
Width gate,0.06,0,0.0,0.5525554484088717,0.12814047313405466,0.9989913808912525,0.08803085700510266,0.9991160753746635,0.060026517738760096,845.1720581054688
Linear score gate,0.06,0,0.0,0.5139826422372228,0.14702915826150742,0.9994039977993765,0.08541926152115392,0.9994776809032102,0.060026517738760096,770.6298828125
Anomaly trigger,0.06,0,0.0028929604628736743,0.49855351976856316,0.1650467632495874,0.9994039977993765,0.08027642733737796,0.9993169673349672,0.060026517738760096,775.5245971679688
Random gate,0.06,0,0.0028929604628736743,0.48987463837994216,0.16298367870896754,0.9917476618375206,0.09096387962553738,0.9924062839005183,0.05697295994214312,806.3519897460938
Width gate,0.1,0,0.0,0.5573770491803278,0.12442692096093894,0.9985329176600036,0.08839246253364941,0.998714291454056,0.10000401783920608,941.8680419921875
Linear score gate,0.1,0,0.0009643201542912247,0.5564127290260367,0.12855309004217863,0.9983495323675041,0.0883121057495279,0.9985133994937523,0.10000401783920608,806.3804321289062
Anomaly trigger,0.1,0,0.0028929604628736743,0.49951783992285437,0.18526499174766184,0.9993581514762516,0.07991482180883121,0.999196432158785,0.10000401783920608,796.5374145507812
Random gate,0.1,0,0.0028929604628736743,0.4927675988428158,0.17059416834769853,0.9862919493856592,0.09486118365543011,0.9873036281088031,0.10325846759612681,824.1516723632812
Width gate,0.13999999999999999,0,0.0,0.5583413693346191,0.12584815697781038,0.9980286081056299,0.08654425649885492,0.9982723291413877,0.1400216963317128,958.4644165039062
Linear score gate,0.13999999999999999,0,0.0009643201542912247,0.5573770491803278,0.1301577113515496,0.9981203007518797,0.0882317489654064,0.998232150749327,0.1400216963317128,905.7020263671875
Anomaly trigger,0.13999999999999999,0,0.006750241080038573,0.48987463837994216,0.20397029158261507,0.9987621492756281,0.07903089718349472,0.99839286431757,0.1400216963317128,854.2361450195312
Random gate,0.13999999999999999,0,0.010607521697203472,0.49373191899710706,0.1756372638914359,0.9816614707500458,0.09779420627586484,0.9828438265900599,0.1404234802523203,833.4691162109375
Width gate,0.18,0,0.0,0.5544840887174542,0.13043278929029892,0.9977535301668806,0.08493712081642493,0.9980312587890232,0.17999919643215878,961.2880249023438
Linear score gate,0.18,0,0.0019286403085824494,0.5448408871745419,0.1342380341096644,0.9977076838437557,0.0803166057294387,0.9977901884366588,0.17999919643215878,927.1983032226562
Anomaly trigger,0.18,0,0.008678881388621022,0.4725168756027001,0.20626260773885935,0.9985329176600036,0.07955321628028446,0.998071437181084,0.17999919643215878,941.022705078125
Random gate,0.18,0,0.006750241080038573,0.4840887174541948,0.18301852191454246,0.9777645332844306,0.10108883442484631,0.9794688416569569,0.17883402306239704,849.7205200195312
Width gate,0.22,0,0.0,0.549662487945998,0.1345589583715386,0.9977076838437557,0.08373176905460243,0.9979910803969625,0.2200168749246655,963.2658081054688
Linear score gate,0.22,0,0.003857280617164899,0.5400192864030858,0.15610673024023472,0.9973409132587566,0.0801558921611957,0.9973884045160513,0.2200168749246655,958.3290405273438
Anomaly trigger,0.22,0,0.010607521697203472,0.46962391513982643,0.19975242985512562,0.9982578397212544,0.07947285949616296,0.9977098316525372,0.2200168749246655,961.6400756835938
Random gate,0.22,0,0.011571841851494697,0.48601735776277727,0.18595268659453512,0.9716211259856959,0.10554863594358954,0.9736429748081482,0.2171642090883523,858.5888061523438
Width gate,0.26,0,0.0,0.5448408871745419,0.1433614524115166,0.9969741426737576,0.08377194744666318,0.9973482261239905,0.25999437502511147,972.0025634765625
Linear score gate,0.26,0,0.0057859209257473485,0.5371263259402121,0.17980927929580048,0.9971575279662571,0.08035678412149946,0.9971473341636867,0.25999437502511147,991.3756713867188
Anomaly trigger,0.26,0,0.015429122468659595,0.46962391513982643,0.19878965706950302,0.9978910691362552,0.0821648117642332,0.9970267989875046,0.25999437502511147,976.49560546875
Random gate,0.26,0,0.01639344262295082,0.47155255544840885,0.19269209609389326,0.9654318723638364,0.11097271887179075,0.9682188918799469,0.260556872513962,873.2449340820312
Width gate,0.30000000000000004,0,0.0,0.5371263259402121,0.15418118466898956,0.9959196772418852,0.08164249266744344,0.9963839447145325,0.3000120535176182,976.6947631835938
Linear score gate,0.30000000000000004,0,0.006750241080038573,0.5313404050144648,0.19865211810012837,0.9968824500275077,0.0804773192976817,0.99678572863514,0.3000120535176182,1016.1749877929688
Anomaly trigger,0.30000000000000004,0,0.024108003857280617,0.47540983606557374,0.20181551439574547,0.9974784522281313,0.08099963839447145,0.9962634095383502,0.3000120535176182,987.2846069335938
Random gate,0.30000000000000004,0,0.01639344262295082,0.4686595949855352,0.19553456812763617,0.9600220062350999,0.11507091486198723,0.9633573064405963,0.29776206356221624,887.4424438476562
Width gate,0.34,0,0.0,0.5313404050144648,0.16014120667522463,0.9952319823950119,0.0821648117642332,0.9957812688336213,0.3399895536180642,979.0223388671875
Linear score gate,0.34,0,0.007714561234329798,0.523625843780135,0.20818815331010454,0.9963322941500091,0.07830768612640122,0.9962232311462895,0.3399895536180642,1025.9169921875
Anomaly trigger,0.34,0,0.03567984570877531,0.46769527483124396,0.20722538052448194,0.9934898221162662,0.0824862389007192,0.9920848567640324,0.3399895536180642,991.8195190429688
Random gate,0.34,0,0.017357762777242044,0.46287367405978785,0.20626260773885935,0.9552539886301119,0.1186869701474547,0.9586966129615493,0.3356101088834425,900.9614868164062
Width gate,0.38,0,0.0,0.5168756027000965,0.16541353383458646,0.9945442875481386,0.08300855799750893,0.9951384145606493,0.3800072321105709,980.7249145507812
Linear score gate,0.38,0,0.007714561234329798,0.5149469623915139,0.21781588116633047,0.9956445993031359,0.07641930169954599,0.9955803768733176,0.3800072321105709,1030.478759765625
Anomaly trigger,0.38,0,0.044358727097396335,0.4484088717454195,0.21291032459196774,0.9827617825050431,0.09120494997790188,0.9823215074932701,0.3800072321105709,995.3118286132812
Random gate,0.38,0,0.023143683702989394,0.4541947926711668,0.21103062534384742,0.9505776636713735,0.12178070633613243,0.9543171682269276,0.38245811402627666,913.934814453125
Width gate,0.42000000000000004,0,0.0009643201542912247,0.506268081002893,0.17270309921144325,0.9938107463781405,0.08268713086102294,0.9944152035035558,0.4199847322110169,995.3831176757812
Linear score gate,0.42000000000000004,0,0.007714561234329798,0.5014464802314368,0.22162112598569594,0.9949569044562626,0.07662019365984973,0.9949375226003455,0.4199847322110169,1033.291748046875
Anomaly trigger,0.42000000000000004,0,0.04532304725168756,0.43876567020250723,0.21850357601320375,0.9729048230331927,0.09907991482180883,0.9736429748081482,0.4199847322110169,998.65869140625
Random gate,0.42000000000000004,0,0.019286403085824494,0.45805207328833175,0.2139189437007152,0.9466348798826334,0.12310659327413717,0.9502993290208526,0.42307846839969465,922.2152099609375
Width gate,0.46,0,0.0019286403085824494,0.49662487945998074,0.19172932330827067,0.993581514762516,0.0812808871388967,0.9941741331511913,0.46000241070352366,1019.8956909179688
Linear score gate,0.46,0,0.007714561234329798,0.4792671166827387,0.22661837520630845,0.9933522831468916,0.07826750773434048,0.9935312788782193,0.46000241070352366,1036.0723876953125
Anomaly trigger,0.46,0,0.04628736740597879,0.43297974927675986,0.22423436640381442,0.9659361819182102,0.1047852464944353,0.9674555024307927,0.46000241070352366,1004.0570068359375
Random gate,0.46,0,0.02507232401157184,0.45901639344262296,0.22295066935631763,0.942371171832019,0.12676282695166538,0.9462413114227168,0.4577925991401824,941.7152099609375
Width gate,0.5,0,0.0028929604628736743,0.4889103182256509,0.21396479002384008,0.9933981294700165,0.08035678412149946,0.9939732411908876,0.49997991080396964,1042.47802734375
Linear score gate,0.5,0,0.007714561234329798,0.46576663452266154,0.229598386209426,0.9917018155143957,0.07955321628028446,0.9920848567640324,0.49997991080396964,1038.0758056640625
Anomaly trigger,0.5,0,0.04628736740597879,0.4262295081967213,0.23170731707317074,0.9628186319457179,0.10695487966571578,0.9647233717706617,0.49997991080396964,1011.5971069335938
Random gate,0.5,0,0.02507232401157184,0.4541947926711668,0.22703099211443242,0.935219145424537,0.13150387721483386,0.9397324119088754,0.49909598617863316,945.9097290039062
Width gate,0.54,0,0.0028929604628736743,0.4802314368370299,0.23101962222629746,0.9926187419768935,0.0803166057294387,0.9932902085258548,0.5399975892964763,1057.5128173828125
Linear score gate,0.54,0,0.008678881388621022,0.4561234329797493,0.23257839721254356,0.9892719603887768,0.08132106553095746,0.9898348668086303,0.5399975892964763,1039.81689453125
Anomaly trigger,0.54,0,0.04628736740597879,0.4146576663452266,0.24009719420502476,0.9613973959288465,0.10816023142753826,0.963397484832657,0.5399975892964763,1021.2758178710938
Random gate,0.54,0,0.029893924783027964,0.44358727097396333,0.2321199339812947,0.9291215844489272,0.13761099280806782,0.9341476154124312,0.5416047249789063,957.0425415039062
Width gate,0.5800000000000001,0,0.0048216007714561235,0.46673095467695275,0.2477993764900055,0.9920685860993949,0.0808791032182892,0.9927277110370043,0.580015267788983,1068.9892578125
Linear score gate,0.5800000000000001,0,0.009643201542912247,0.4484088717454195,0.23473317439941316,0.9877131854025307,0.08180320623568645,0.9883884446944433,0.580015267788983,1041.04638671875
Anomaly trigger,0.5800000000000001,0,0.04628736740597879,0.4098360655737705,0.24701998899688246,0.9605721621125985,0.10876290730844952,0.9626742737755635,0.580015267788983,1028.14697265625
Random gate,0.5800000000000001,0,0.033751205400192864,0.44358727097396333,0.2381258023106547,0.9258664955070603,0.13805295512073607,0.9307726304793282,0.5747117200369641,963.6690063476562
Width gate,0.62,0,0.0057859209257473485,0.45805207328833175,0.2629745094443426,0.990418118466899,0.08140142231507895,0.991160753746635,0.619992767889429,1077.240478515625
Linear score gate,0.62,0,0.010607521697203472,0.446480231436837,0.23904272877315239,0.9866128736475335,0.08244606050865845,0.9873839848929246,0.619992767889429,1043.7459716796875
Anomaly trigger,0.62,0,0.04725168756027001,0.40405014464802314,0.2513295433706217,0.959976159911975,0.10920486962111776,0.962111776286713,0.619992767889429,1032.12255859375
Random gate,0.62,0,0.027965284474445518,0.4406943105110897,0.2440399779937649,0.9208692462864478,0.1429145405600868,0.9271565751938607,0.6159347502912933,980.9022827148438
Width gate,0.66,0,0.0057859209257473485,0.4541947926711668,0.2735191637630662,0.9866128736475335,0.08401301779902769,0.9877054120294105,0.6600104463819358,1080.4791259765625
Linear score gate,0.66,0,0.011571841851494697,0.4426229508196721,0.24853291766000365,0.9856959471850357,0.08276748764514444,0.9864197034834666,0.6600104463819358,1047.8101806640625
Anomaly trigger,0.66,0,0.04725168756027001,0.4030858244937319,0.2549972492206125,0.9577755364019805,0.1105307565591225,0.960183213467797,0.6600104463819358,1034.9320068359375
Random gate,0.66,0,0.03857280617164899,0.4416586306653809,0.25041261690812394,0.9149092242802127,0.14705291494234402,0.9209289244244445,0.6600104463819358,993.4298095703125
Width gate,0.7000000000000001,0,0.0057859209257473485,0.4513018322082932,0.27911241518430224,0.9825325508894187,0.08670497006709792,0.9838884647836393,0.6999879464823818,1081.662353515625
Linear score gate,0.7000000000000001,0,0.01446480231436837,0.43201542912246865,0.26265358518246834,0.9843205574912892,0.08369159066254168,0.9850536381534011,0.6999879464823818,1055.6370849609375
Anomaly trigger,0.7000000000000001,0,0.048216007714561235,0.4030858244937319,0.26306620209059234,0.9540619842288648,0.112057535457431,0.9568885853188155,0.6999879464823818,1039.114013671875
Random gate,0.7000000000000001,0,0.037608486017357765,0.42333654773384766,0.25518063451311207,0.9111039794608472,0.14954397525011048,0.9173932259230986,0.6975772429587368,1003.2164306640625
Width gate,0.74,0,0.006750241080038573,0.4484088717454195,0.2812671923711718,0.9765725288831836,0.09040138213668689,0.9777411707983447,0.7400056249748885,1081.864990234375
Linear score gate,0.74,0,0.021215043394406944,0.4214079074252652,0.2750779387493123,0.983220245736292,0.08457551528787818,0.9838081079995179,0.7400056249748885,1063.7906494140625
Anomaly trigger,0.74,0,0.05110896817743491,0.40405014464802314,0.276407482119934,0.9511278195488722,0.11382538470810398,0.9541564546586846,0.7400056249748885,1046.7491455078125
Random gate,0.74,0,0.03471552555448409,0.42912246865959497,0.25981111314872546,0.9039519530533651,0.1544859174735827,0.9106834344489534,0.7356261802402668,1014.4813232421875
Width gate,0.78,0,0.008678881388621022,0.4455159112825458,0.28278012103429306,0.9668989547038328,0.09811563341235084,0.968701032584676,0.7799831250753345,1081.9105224609375
Linear score gate,0.78,0,0.02700096432015429,0.4108003857280617,0.2830093526499175,0.9790940766550522,0.0880710353971634,0.9798304471855036,0.7799831250753345,1068.4913330078125
Anomaly trigger,0.78,0,0.052073288331726135,0.4059787849566056,0.28768567760865577,0.9463139556207593,0.11800393748242195,0.9498171883161236,0.7799831250753345,1057.6112060546875
Random gate,0.78,0,0.040501446480231434,0.43297974927675986,0.2663671373555841,0.8993673207408766,0.15766001044638195,0.9066655952428784,0.7799831250753345,1029.7120361328125
Width gate,0.8200000000000001,0,0.008678881388621022,0.43201542912246865,0.28383458646616544,0.9524573629194939,0.10992808067821126,0.9553216280284463,0.8200008035678412,1079.142578125
Linear score gate,0.8200000000000001,0,0.03567984570877531,0.40790742526518803,0.28681459746928295,0.9680909591050798,0.09771384949174335,0.9697858491703162,0.8200008035678412,1070.701904296875
Anomaly trigger,0.8200000000000001,0,0.052073288331726135,0.4059787849566056,0.30226480836236935,0.9383366953970291,0.12403069629153442,0.9426654345293102,0.8200008035678412,1076.1856689453125
Random gate,0.8200000000000001,0,0.040501446480231434,0.4156219864995178,0.2735650100861911,0.8925820649183935,0.16408855317610188,0.9005986580417051,0.82261239905179,1034.4190673828125
Width gate,0.86,0,0.013500482160077145,0.4156219864995178,0.2861269026224097,0.9404456262607739,0.11928964602836595,0.9437502511149504,0.8599783036682872,1075.039794921875
Linear score gate,0.86,0,0.04532304725168756,0.4059787849566056,0.29066568861177333,0.9472308820832569,0.11599501787938447,0.9510225400779461,0.8599783036682872,1075.6417236328125
Anomaly trigger,0.86,0,0.052073288331726135,0.4059787849566056,0.3055657436273611,0.9289381991564276,0.1315440556068946,0.9342279721965527,0.8599783036682872,1085.925537109375
Random gate,0.86,0,0.04725168756027001,0.4156219864995178,0.2790665688611773,0.8882725105446543,0.16670014866005062,0.8963397484832657,0.8610631202539274,1048.5382080078125
Width gate,0.9,0,0.023143683702989394,0.4088717454194793,0.29153676875114615,0.9262791124151843,0.13114227168628712,0.9304512033428423,0.8999959821607939,1078.772216796875
Linear score gate,0.9,0,0.04532304725168756,0.4059787849566056,0.2949752429855126,0.9275628094626811,0.13311101289726385,0.9336654747077022,0.8999959821607939,1081.5615234375
Anomaly trigger,0.9,0,0.052073288331726135,0.4059787849566056,0.3054740509811113,0.9119750596002201,0.14540560086785326,0.9183575073325565,0.8999959821607939,1088.3331298828125
Random gate,0.9,0,0.048216007714561235,0.4146576663452266,0.28342196955804144,0.8841921877865395,0.16947245771224237,0.8924022660613122,0.8979468841656957,1057.492919921875
Width gate,0.9400000000000001,0,0.03664416586306654,0.4059787849566056,0.2967174032642582,0.9064276545021089,0.14845915866447024,0.9123307485234441,0.9399734822612399,1084.13525390625
Linear score gate,0.9400000000000001,0,0.05014464802314368,0.4059787849566056,0.29873464148175316,0.9110122868145974,0.14560649282815702,0.9169512636104303,0.9399734822612399,1085.82861328125
Anomaly trigger,0.9400000000000001,0,0.052073288331726135,0.4059787849566056,0.3038235833486154,0.8897395928846507,0.1639278396078589,0.897906705773635,0.9399734822612399,1088.2606201171875
Random gate,0.9400000000000001,0,0.04628736740597879,0.4127290260366442,0.2901613790573996,0.878782321657803,0.17377154566274258,0.8876612157981437,0.9365583189360762,1069.59912109375
Width gate,0.98,0,0.05014464802314368,0.4059787849566056,0.29919310471300203,0.8838254172015404,0.16806621399011612,0.8917594117883403,0.9799911607537466,1086.83642578125
Linear score gate,0.98,0,0.052073288331726135,0.4059787849566056,0.29919310471300203,0.8864845039427838,0.16573586725059264,0.8940094017437422,0.9799911607537466,1086.2518310546875
Anomaly trigger,0.98,0,0.052073288331726135,0.4059787849566056,0.3011186502842472,0.8784613973959289,0.17284744264534532,0.8870585399172325,0.9799911607537466,1087.13232421875
Random gate,0.98,0,0.05110896817743491,0.4108003857280617,0.29685494223363285,0.8737392261140656,0.17698581702760255,0.882960343927036,0.9797902687934429,1081.2818603515625
Point margin (no UQ),0.0,0,0.579556412729026,0.7994214079074252,0.022464698331193838,0.054648817164863375,0.8437060548836836,0.07971392984852746,0.0,786.6175537109375
Point margin (no UQ),100.0,0,0.5737704918032787,0.7984570877531341,0.024206858609939482,0.051347881899871634,0.8463980071517538,0.07698179918839648,0.015830286471935393,803.944091796875
Point margin (no UQ),200.0,0,0.5699132111861138,0.8032786885245902,0.02512378507243719,0.04978910691362553,0.8464381855438146,0.07501305797741975,0.03507573626903451,822.685302734375
Point margin (no UQ),300.0,0,0.570877531340405,0.8042430086788814,0.02654502108930864,0.053181734824867044,0.8396882156776085,0.07449073888063,0.061633653421190086,852.5275268554688
Point margin (no UQ),400.0,0,0.5718418514946962,0.8032786885245902,0.027966257106180083,0.058637447276728406,0.8339427056129214,0.07887018361525172,0.0890353168066214,881.5177001953125
Point margin (no UQ),600.0,0,0.5573770491803278,0.7859209257473481,0.0502017238217495,0.09540619842288649,0.8020008839246253,0.11177628671300574,0.15360199284824622,980.8081665039062
Point margin (no UQ),800.0,0,0.532304725168756,0.8032786885245902,0.055107280396112235,0.1210801393728223,0.7795411627626663,0.14110651291735304,0.20908835228414158,1020.6985473632812
Point margin (no UQ),1000.0,0,0.4840887174541948,0.7994214079074252,0.05937098844672657,0.1546396479002384,0.7553537707420949,0.17875366627827555,0.37000281248744427,1064.056396484375
Point margin (no UQ),1500.0,0,0.42719382835101255,0.7849566055930569,0.06739409499358151,0.21909957821382725,0.7100325444975693,0.24918638756076983,1.0,1158.3077392578125
P: Always-edge (CQR),0.02,0,0.0,0.03953712632594021,0.8554006968641115,1.0,0.04202659809554422,1.0,0.0,784.434326171875
P: Always-cloud (CQR),0.02,0,0.0,0.20250723240115717,0.5673024023473318,1.0,0.05416047249789063,1.0,1.0,1086.3768310546875
P: HERA,0.02,0,0.0,0.20250723240115717,0.5673024023473318,1.0,0.05416047249789063,1.0,1.0,1086.3768310546875
P: Always-edge (CQR),0.05,0,0.0,0.22757955641272903,0.5474509444342563,1.0,0.05263369359958214,1.0,0.0,784.434326171875
P: Always-cloud (CQR),0.05,0,0.0028929604628736743,0.32497589199614274,0.37121767834219693,0.9769392994681827,0.08999959821607939,0.9795893768331392,1.0,1086.3768310546875
P: HERA,0.05,0,0.0028929604628736743,0.32497589199614274,0.37121767834219693,0.9769392994681827,0.08999959821607939,0.9795893768331392,1.0,1086.3768310546875
P: Always-edge (CQR),0.1,0,0.0,0.49758919961427195,0.15482303319273794,0.9994039977993765,0.08505765599260717,0.9994776809032102,0.0,784.434326171875
P: Always-cloud (CQR),0.1,0,0.052073288331726135,0.4059787849566056,0.29919310471300203,0.8710801393728222,0.17923580698300454,0.8805094620113303,1.0,1086.3768310546875
P: HERA,0.1,0,0.052073288331726135,0.4059787849566056,0.29919310471300203,0.8709426004034476,0.17935634215918678,0.880388926835148,0.9994776809032102,1086.3616943359375
P: Always-edge (CQR),0.15,0,0.08100289296046287,0.5467695274831244,0.07734274711168164,0.9412250137538969,0.13560207320503034,0.9430270400578569,0.0,784.434326171875
P: Always-cloud (CQR),0.15,0,0.05785920925747348,0.4127290260366442,0.29006968641114983,0.7924995415367687,0.24753907348627907,0.8108401301779903,1.0,1086.3768310546875
P: HERA,0.15,0,0.09257473481195758,0.4127290260366442,0.29006968641114983,0.7914909224280213,0.24786050062276507,0.8079472859496163,0.9430270400578569,1087.6890869140625
P: Always-edge (CQR),0.2,0,0.10028929604628736,0.5525554484088717,0.06766917293233082,0.894003300935265,0.1729679778215276,0.8967817107959339,0.0,784.434326171875
P: Always-cloud (CQR),0.2,0,0.0935390549662488,0.4262295081967213,0.28282596735741794,0.7793874931230516,0.25396761621599906,0.7928803889268351,1.0,1086.3768310546875
P: HERA,0.2,0,0.1446480231436837,0.4262295081967213,0.28282596735741794,0.7734274711168164,0.2560167142110973,0.7823536502069187,0.8967817107959339,1089.262939453125
P: Always-edge (CQR),0.3,0,0.1051108968177435,0.5583413693346191,0.06060883917109848,0.8413717219878966,0.21615974928683354,0.8477238940897586,0.0,784.434326171875
P: Always-cloud (CQR),0.3,0,0.09450337512054002,0.44358727097396333,0.26801760498807997,0.7028699798276178,0.31965928723532483,0.7228494515649484,1.0,1086.3768310546875
P: HERA,0.3,0,0.14561234329797493,0.44358727097396333,0.2672840638180818,0.6830185219145425,0.33251637269476475,0.6987825947205593,0.8477238940897586,1088.4674072265625
P: Always-edge (CQR),0.4,0,0.12150433944069432,0.5641272902603665,0.05790390610673024,0.7978635613423803,0.24994977700992407,0.804773192976817,0.0,784.434326171875
P: Always-cloud (CQR),0.4,0,0.22468659594985535,0.4811957569913211,0.2402805794975243,0.5855492389510362,0.40917674474667526,0.6011491020129375,1.0,1086.3768310546875
P: HERA,0.4,0,0.22468659594985535,0.4811957569913211,0.23766733907940582,0.5753255088941867,0.41813652617622243,0.5921893205833902,0.8035276628229339,1087.09619140625
P: Always-edge (CQR),0.5,0,0.15043394406943106,0.5670202507232401,0.05542820465798643,0.7487163029525032,0.2885612117803045,0.7560368034071276,0.0,784.434326171875
P: Always-cloud (CQR),0.5,0,0.29122468659594986,0.5332690453230472,0.2060333761232349,0.48427471116816434,0.4939129736027964,0.5050825665956848,1.0,1086.3768310546875
P: HERA,0.5,0,0.29411764705882354,0.5351976856316297,0.20277828718136806,0.471987896570695,0.5040379284021054,0.49355136807424965,0.74972879585359,1086.646728515625
P: Always-edge (CQR),0.6,0,0.16489874638379942,0.5728061716489875,0.054282046579864296,0.7059416834769852,0.3225923098557596,0.7146530595845554,0.0,784.4344482421875
P: Always-cloud (CQR),0.6,0,0.38958534233365477,0.5930568948891032,0.16541353383458646,0.31102145607922244,0.6373900116517337,0.33544939531519946,1.0,1086.3768310546875
P: HERA,0.6,0,0.39633558341369335,0.5988428158148505,0.16302952503209242,0.2980927929580048,0.6471935393145566,0.32235123950339506,0.7079030897183495,1086.5771484375
P: Always-edge (CQR),0.7,0,0.18225650916104147,0.5737704918032787,0.05354850540986613,0.6571153493489822,0.3618064205070513,0.6676041624814175,0.0,784.2177124023438
P: Always-cloud (CQR),0.7,0,0.40790742526518803,0.600771456123433,0.14968824500275077,0.2926829268292683,0.6524970870665756,0.3176905460243481,1.0,1086.3768310546875
P: HERA,0.7,0,0.4175506268081003,0.609450337512054,0.1461580781221346,0.27741610122868143,0.6633854313150388,0.30137811884768373,0.6606131222628471,1085.5341796875
P: Always-edge (CQR),0.8,0,0.2034715525554484,0.5747348119575699,0.05235650100861911,0.609205941683477,0.40214552613604404,0.623046325686046,0.0,783.6527099609375
P: Always-cloud (CQR),0.8,0,0.43201542912246865,0.6084860173577628,0.14478268842838804,0.2822758114799193,0.660934549399333,0.30716380730443166,1.0,1086.37548828125
P: HERA,0.8,0,0.4445515911282546,0.6210221793635486,0.13978543920777553,0.2638914359068403,0.6739925268190767,0.28743621680260356,0.6152115392341998,1082.9486083984375
P: Edge point - margin,0.0,0,0.579556412729026,0.7994214079074252,0.022464698331193838,0.054648817164863375,0.8437060548836836,0.07971392984852746,0.0,786.6175537109375
P: Cloud point - margin,0.0,0,0.42719382835101255,0.7849566055930569,0.06739409499358151,0.21909957821382725,0.7100325444975693,0.24918638756076983,1.0,1158.3077392578125
P: Edge point - margin,150.0,0,0.5670202507232401,0.7859209257473481,0.0260407115349349,0.06258023106546855,0.8372775121539636,0.08730764594800916,0.0,786.6175537109375
P: Cloud point - margin,150.0,0,0.39633558341369335,0.7058823529411765,0.08807078672290482,0.267604988079956,0.6709791474145205,0.2961147494877255,1.0,1158.3077392578125
P: Edge point - margin,300.0,0,0.5486981677917069,0.7675988428158148,0.028974876214927562,0.07784705666605539,0.8244606050865845,0.10149061834545381,0.0,786.6175537109375
P: Cloud point - margin,300.0,0,0.3780135004821601,0.6489874638379942,0.10842655419035394,0.2980927929580048,0.6465105066495239,0.3263289003174093,1.0,1158.3077392578125
P: Edge point - margin,450.0,0,0.5226615236258437,0.7405978784956606,0.031175499724922062,0.0966440491472584,0.8095544216320463,0.11993250030133794,0.0,786.6175537109375
P: Cloud point - margin,450.0,0,0.35390549662487947,0.6046287367405979,0.1295617091509261,0.344397579314139,0.6116758407328539,0.3735385109887902,1.0,1158.3077392578125
P: Edge point - margin,600.0,0,0.49662487945998074,0.7135969141755063,0.033101045296167246,0.137997432605905,0.7767286753184137,0.15986982200972316,0.0,786.6175537109375
P: Cloud point - margin,600.0,0,0.3201542912246866,0.553519768563163,0.15532734274711169,0.3990005501558775,0.5634215918678934,0.4242838201615171,1.0,1158.3077392578125
P: Edge point - margin,900.0,0,0.39537126325940214,0.6152362584378014,0.04011553273427471,0.23922611406565195,0.7063361324279802,0.26803005343726144,0.0,786.6175537109375
P: Cloud point - margin,900.0,0,0.20250723240115717,0.502410800385728,0.1840729873464148,0.5954978910691363,0.4014624934710113,0.6121579814375828,1.0,1158.3077392578125
P: Edge point - margin,1200.0,0,0.09836065573770492,0.579556412729026,0.054648817164863375,0.8292224463598019,0.23014182972397446,0.8415364217124031,0.0,786.6175537109375
P: Cloud point - margin,1200.0,0,0.06075216972034716,0.42719382835101255,0.21909957821382725,0.8867137355584083,0.16549479689822813,0.8918799469645224,1.0,1158.3077392578125
P: Edge point - margin,1500.0,0,0.0,0.5486981677917069,0.07784705666605539,1.0,0.08630318614649042,1.0,0.0,786.6175537109375
P: Cloud point - margin,1500.0,0,0.0028929604628736743,0.3780135004821601,0.2980927929580048,1.0,0.06822290971915304,0.9993973241190888,1.0,1158.3077392578125
P: Edge point - margin,1800.0,0,0.0,0.49662487945998074,0.137997432605905,1.0,0.08497729920848568,1.0,0.0,786.6175537109375
P: Cloud point - margin,1800.0,0,0.0,0.3201542912246866,0.3990005501558775,1.0,0.06400417855277432,1.0,1.0,1158.3077392578125
P: Edge point - margin,2100.0,0,0.0,0.39537126325940214,0.23922611406565195,1.0,0.07396841978384025,1.0,0.0,786.6175537109375
P: Cloud point - margin,2100.0,0,0.0,0.20250723240115717,0.5954978910691363,1.0,0.05813813331190486,1.0,1.0,1158.3077392578125
P: Edge point - margin,2400.0,0,0.0,0.09836065573770492,0.8292224463598019,1.0,0.04226766844790871,1.0,0.0,786.6175537109375
P: Cloud point - margin,2400.0,0,0.0,0.06075216972034716,0.8867137355584083,1.0,0.045441761420707945,1.0,1.0,1158.3077392578125
HERA (decision-sufficiency),0.01,1,0.06750241080038573,0.40115718418514945,0.31556024206858607,0.7759490188886852,0.25999437502511147,0.7956928763710877,1.0,1155.468017578125
HERA (decision-sufficiency),0.02,1,0.06750241080038573,0.40115718418514945,0.31556024206858607,0.7759490188886852,0.25999437502511147,0.7956928763710877,1.0,1155.468017578125
HERA (decision-sufficiency),0.05,1,0.06750241080038573,0.40115718418514945,0.31556024206858607,0.7759490188886852,0.25999437502511147,0.7948491301378119,0.9991160753746635,1156.3577880859375
HERA (decision-sufficiency),0.1,1,0.11957569913211186,0.40115718418514945,0.30799559875298,0.7391802677425271,0.28679336252963156,0.7539877054120294,0.9021656153320744,1158.324462890625
HERA (decision-sufficiency),0.15,1,0.12054001928640308,0.40115718418514945,0.30533651201173667,0.6960847240051348,0.32456105106673633,0.7161396600908032,0.8375587608983889,1155.610595703125
HERA (decision-sufficiency),0.2,1,0.12150433944069432,0.40115718418514945,0.3034109664404915,0.6816431322207959,0.337136887781751,0.7032825746313632,0.8183936678854112,1154.720458984375
HERA (decision-sufficiency),0.3,1,0.12150433944069432,0.40115718418514945,0.2982761782505043,0.6370805061434073,0.3755876089838885,0.6635059664912211,0.7726304793282173,1152.5572509765625
HERA (decision-sufficiency),0.4,1,0.13789778206364514,0.4030858244937319,0.29061984228864846,0.5745461214010636,0.4285829081120174,0.6060106874522881,0.7097111173610832,1149.91845703125
HERA (decision-sufficiency),0.5,1,0.18611378977820636,0.42333654773384766,0.2819548872180451,0.5222354667155694,0.47101129012816906,0.55305556671622,0.6525372654586363,1150.2271728515625
Width gate,0.02,1,0.10993249758919961,0.4889103182256509,0.2955712451861361,0.9060608839171098,0.14572702800433926,0.8995540198481257,0.020008839246253365,850.6285400390625
Linear score gate,0.02,1,0.10993249758919961,0.49373191899710706,0.2980469466348799,0.9060608839171098,0.14552613604403553,0.8995540198481257,0.020008839246253365,829.6434326171875
Anomaly trigger,0.02,1,0.11089681774349083,0.4918032786885246,0.2982303319273794,0.9060608839171098,0.14560649282815702,0.8997950902004902,0.020008839246253365,830.6829223632812
Random gate,0.02,1,0.10896817743490839,0.4879459980713597,0.29887218045112784,0.9032642582064918,0.14845915866447024,0.8975049218530274,0.019848125678010364,840.670166015625
Width gate,0.06,1,0.10993249758919961,0.48987463837994216,0.29447093343113884,0.9060608839171098,0.1456868496122785,0.8995540198481257,0.060026517738760096,922.7940063476562
Linear score gate,0.06,1,0.10993249758919961,0.502410800385728,0.2977718686961306,0.9060608839171098,0.14516453051548878,0.8995540198481257,0.060026517738760096,894.29541015625
Anomaly trigger,0.06,1,0.10800385728061716,0.4802314368370299,0.3099211443242252,0.9100495140289748,0.1418699023665073,0.9071075575555466,0.060026517738760096,863.4364624023438
Random gate,0.06,1,0.10414657666345227,0.4821600771456123,0.30001833852925,0.8977626994315056,0.15275824661497048,0.893246012294588,0.059785447386395595,856.308349609375
Width gate,0.1,1,0.10993249758919961,0.4918032786885246,0.29314139006051715,0.9060608839171098,0.14560649282815702,0.8995540198481257,0.10000401783920608,993.2481689453125
Linear score gate,0.1,1,0.10993249758919961,0.506268081002893,0.29717586649550704,0.9059691912708601,0.14508417373136728,0.8994736630640042,0.10000401783920608,937.0869750976562
Anomaly trigger,0.1,1,0.10800385728061716,0.4792671166827387,0.33412800293416467,0.9130753713552173,0.13821366868897908,0.9096387962553738,0.10000401783920608,886.4964599609375
Random gate,0.1,1,0.10703953712632594,0.47540983606557374,0.2995140289748762,0.8930405281496424,0.15766001044638195,0.8889469243440877,0.10092812085660331,872.4874877929688
Width gate,0.13999999999999999,1,0.10993249758919961,0.49373191899710706,0.28621859526865945,0.9060150375939849,0.14556631443609627,0.8995138414560649,0.1400216963317128,1051.0927734375
Linear score gate,0.13999999999999999,1,0.11186113789778207,0.5274831243972999,0.2933706216761416,0.9043187236383642,0.147695769215316,0.897745992205392,0.1400216963317128,985.6005859375
Anomaly trigger,0.13999999999999999,1,0.10800385728061716,0.47444551591128253,0.33999633229415,0.9115624426920961,0.14086544256498854,0.9082325525332476,0.1400216963317128,946.1902465820312
Random gate,0.13999999999999999,1,0.09836065573770492,0.4889103182256509,0.3001100311754997,0.8874931230515313,0.16220016874924664,0.8854112258427418,0.13978062597934832,887.8279418945312
Width gate,0.18,1,0.10993249758919961,0.49758919961427195,0.2649000550155878,0.9057399596552357,0.14612881192494676,0.8992727711037004,0.17999919643215878,1079.520263671875
Linear score gate,0.18,1,0.11186113789778207,0.5342333654773385,0.290803227581148,0.9024848707133688,0.15271806822290973,0.895978142954719,0.17999919643215878,1043.879638671875
Anomaly trigger,0.18,1,0.10800385728061716,0.4648023143683703,0.3397212543554007,0.910828901522098,0.14207079432681105,0.9075896982602756,0.17999919643215878,987.8386840820312
Random gate,0.18,1,0.10414657666345227,0.4773384763741562,0.3008435723454979,0.8818081789840455,0.16698139740447587,0.8797862509542368,0.18180722407489253,903.2613525390625
Width gate,0.22,1,0.10993249758919961,0.5053037608486017,0.24018888685127454,0.9055565743627361,0.1482582667041665,0.899031700751336,0.2200168749246655,1096.9554443359375
Linear score gate,0.22,1,0.1128254580520733,0.5303760848601736,0.2905281496423987,0.9002842472033743,0.15516895013861545,0.8940094017437422,0.2200168749246655,1096.2625732421875
Anomaly trigger,0.22,1,0.10703953712632594,0.4686595949855352,0.34050064184852374,0.910416284613974,0.1421109727188718,0.9072682711237896,0.2200168749246655,998.7315063476562
Random gate,0.22,1,0.10607521697203472,0.46287367405978785,0.3026315789473684,0.8780946268109298,0.17051709590582184,0.8768532283338021,0.21941419904375428,918.3416748046875
Width gate,0.26,1,0.10993249758919961,0.5178399228543876,0.23065285164129837,0.9049605721621126,0.15074932701193297,0.8982683113021817,0.25999437502511147,1119.6124267578125
Linear score gate,0.26,1,0.1128254580520733,0.5245901639344263,0.28562259306803595,0.8941408399046397,0.16083410341918117,0.8886254972076018,0.25999437502511147,1127.3531494140625
Anomaly trigger,0.26,1,0.10703953712632594,0.4783027965284474,0.3423344947735192,0.9098202824133504,0.14460203302663827,0.9066655952428784,0.25999437502511147,1010.2462768554688
Random gate,0.26,1,0.09932497589199614,0.46383799421407906,0.30290665688611773,0.873189070236567,0.17465547028807907,0.8733577082245169,0.26208365141227047,928.498291015625
Width gate,0.30000000000000004,1,0.10993249758919961,0.5168756027000965,0.238400880249404,0.9042728773152393,0.15195467877375549,0.8976254570292097,0.3000120535176182,1133.9046630859375
Linear score gate,0.30000000000000004,1,0.1128254580520733,0.5081967213114754,0.27943333944617643,0.8854758848340363,0.16907067379163485,0.8810317811081201,0.3000120535176182,1137.06640625
Anomaly trigger,0.30000000000000004,1,0.10703953712632594,0.4734811957569913,0.34416834769851457,0.9087658169814781,0.14628952549318977,0.9054200650889951,0.3000120535176182,1017.0413818359375
Random gate,0.30000000000000004,1,0.10028929604628736,0.46190935390549664,0.30350265908674123,0.8650742710434624,0.18152597533046727,0.866607738358311,0.30326650327453897,941.7328491210938
Width gate,0.34,1,0.10993249758919961,0.5110896817743491,0.24238951036126902,0.9021639464514946,0.15372252802442846,0.8957772509944152,0.3399895536180642,1142.8575439453125
Linear score gate,0.34,1,0.1128254580520733,0.49662487945998074,0.2741610122868146,0.8758023106546855,0.1778295632608783,0.8725541403833018,0.3399895536180642,1141.619873046875
Anomaly trigger,0.34,1,0.10896817743490839,0.46769527483124396,0.3506785255822483,0.9033559508527416,0.14994575917071798,0.9005584796496444,0.3399895536180642,1023.4108276367188
Random gate,0.34,1,0.09450337512054002,0.4455159112825458,0.3045571245186136,0.860397946084724,0.18699023665072922,0.8639157860902407,0.3421993651814054,956.2103881835938
Width gate,0.38,1,0.10993249758919961,0.5014464802314368,0.2418852008068953,0.8951036126902623,0.15914661095262966,0.8894692434408775,0.3800072321105709,1149.751220703125
Linear score gate,0.38,1,0.1128254580520733,0.4927675988428158,0.267604988079956,0.8657161195672107,0.18650809594600024,0.8636345373458154,0.3800072321105709,1143.2518310546875
Anomaly trigger,0.38,1,0.11475409836065574,0.46190935390549664,0.3488446726572529,0.8895562075921511,0.16091446020330266,0.8883844268552372,0.3800072321105709,1022.5394897460938
Random gate,0.38,1,0.09739633558341369,0.45515911282545807,0.30524481936548686,0.8566385475884835,0.18915986982200972,0.8600184820603479,0.3776367069789867,972.3190307617188
Width gate,0.42000000000000004,1,0.10993249758919961,0.4927675988428158,0.24046396479002383,0.8832752613240418,0.16866888987102735,0.879103218289204,0.4199847322110169,1153.424072265625
Linear score gate,0.42000000000000004,1,0.1128254580520733,0.4840887174541948,0.2619658903355951,0.8555382358334862,0.19506609345493994,0.8545943991321467,0.4199847322110169,1145.6285400390625
Anomaly trigger,0.42000000000000004,1,0.11861137897782063,0.45515911282545807,0.34623143223913444,0.8738309187603154,0.17417332958335008,0.8746835951625216,0.4199847322110169,1020.307861328125
Random gate,0.42000000000000004,1,0.09450337512054002,0.4561234329797493,0.3045571245186136,0.8498991380891252,0.19466430953433245,0.8544336855639038,0.4183374181365262,980.6790161132812
Width gate,0.46,1,0.10993249758919961,0.4889103182256509,0.24601136988813496,0.8665413533834586,0.1827715054843505,0.8644381051870305,0.46000241070352366,1154.45263671875
Linear score gate,0.46,1,0.1128254580520733,0.4802314368370299,0.25481386392811295,0.8447643498991381,0.20382498292418338,0.845072120213749,0.46000241070352366,1147.876708984375
Anomaly trigger,0.46,1,0.11764705882352941,0.4484088717454195,0.3427471116816431,0.8629653401797176,0.185101852223874,0.8668086303186147,0.46000241070352366,1017.4766235351562
Random gate,0.46,1,0.08968177434908389,0.4493731918997107,0.30822483036860443,0.8455895837153861,0.19872232713246815,0.8509783438466793,0.4555024307927197,996.9671630859375
Width gate,0.5,1,0.10993249758919961,0.4840887174541948,0.25256739409499357,0.8467815881166331,0.1990839326610149,0.8471212182088472,0.49997991080396964,1153.96337890625
Linear score gate,0.5,1,0.11378977820636452,0.46769527483124396,0.25550155877498626,0.8354116999816614,0.21113745027923983,0.8365543010968701,0.49997991080396964,1149.2769775390625
Anomaly trigger,0.5,1,0.08775313404050145,0.43876567020250723,0.34050064184852374,0.8535668439391161,0.19538752059142594,0.8621881152316284,0.49997991080396964,1015.4114379882812
Random gate,0.5,1,0.08968177434908389,0.44358727097396333,0.30359435173299104,0.8369704749679076,0.20663747036843585,0.844429265940777,0.49909598617863316,1011.7845458984375
Width gate,0.54,1,0.11861137897782063,0.46190935390549664,0.2594443425637264,0.8269301302035577,0.21575796536622605,0.8290007633894492,0.5399975892964763,1152.4937744140625
Linear score gate,0.54,1,0.11957569913211186,0.4503375120540019,0.26201173665871996,0.8265175132954337,0.21748563622483827,0.8284784442926594,0.5399975892964763,1150.211181640625
Anomaly trigger,0.54,1,0.06750241080038573,0.420443587270974,0.34164679992664587,0.8460938932697598,0.2023785608099964,0.8566836755193057,0.5399975892964763,1027.773681640625
Random gate,0.54,1,0.09932497589199614,0.43683702989392476,0.30625343847423436,0.8377040161379058,0.2062758648398891,0.8443087307645948,0.5346136847603359,1022.4313354492188
Width gate,0.5800000000000001,1,0.12150433944069432,0.4406943105110897,0.26966807262057585,0.8125802310654685,0.22753023424002572,0.81618385632207,0.580015267788983,1153.7178955078125
Linear score gate,0.5800000000000001,1,0.12439729990356799,0.42333654773384766,0.272006235099945,0.8178525582248304,0.2232311462895255,0.8208847281931777,0.580015267788983,1151.0333251953125
Anomaly trigger,0.5800000000000001,1,0.06750241080038573,0.4146576663452266,0.3402714102328993,0.8435723454978911,0.20430712362891237,0.8545140423480252,0.580015267788983,1070.5123291015625
Random gate,0.5800000000000001,1,0.08968177434908389,0.43105110896817744,0.30597836053548505,0.8315147625160462,0.2113785206316043,0.8401301779902768,0.5780867049700671,1030.383544921875
Width gate,0.62,1,0.12246865959498554,0.43490838958534234,0.27897487621492756,0.8048322024573629,0.23327574430471293,0.8093535296717426,0.619992767889429,1157.4498291015625
Linear score gate,0.62,1,0.12439729990356799,0.4127290260366442,0.2858059783605355,0.8137722354667156,0.22568202820523123,0.8185543814536542,0.619992767889429,1151.7908935546875
Anomaly trigger,0.62,1,0.06750241080038573,0.40790742526518803,0.3373372455529067,0.8416467999266459,0.2056330105669171,0.8528265498814738,0.619992767889429,1106.0255126953125
Random gate,0.62,1,0.08775313404050145,0.4185149469623915,0.30790390610673024,0.8244544287548139,0.21857045281047852,0.8339828840049821,0.62433203423199,1042.399658203125
Width gate,0.66,1,0.12343297974927676,0.4223722275795564,0.28383458646616544,0.7958463231248853,0.23942303829000763,0.8014383864357748,0.6600104463819358,1157.2640380859375
Linear score gate,0.66,1,0.12246865959498554,0.4088717454194793,0.2970841738492573,0.813176233266092,0.22455703322753023,0.8191570573345655,0.6600104463819358,1151.3045654296875
Anomaly trigger,0.66,1,0.06750241080038573,0.40405014464802314,0.33330276911791673,0.8399046396479002,0.20679818393667884,0.8512997709831652,0.6600104463819358,1126.3160400390625
Random gate,0.66,1,0.08871745419479267,0.43972999035679844,0.31111314872547224,0.8198239501192004,0.220900799550002,0.8306882558560006,0.6607336574390293,1059.447998046875
Width gate,0.7000000000000001,1,0.12439729990356799,0.4136933461909354,0.28869429671740326,0.7849348982211627,0.24773996544658283,0.7918357507332556,0.6999879464823818,1157.93798828125
Linear score gate,0.7000000000000001,1,0.11957569913211186,0.40115718418514945,0.30524481936548686,0.8084540619842289,0.22692755835911446,0.816505283458556,0.6999879464823818,1151.0732421875
Anomaly trigger,0.7000000000000001,1,0.06750241080038573,0.40115718418514945,0.3236291949385659,0.8378874014304053,0.2078830005223191,0.8495319217324923,0.6999879464823818,1137.3802490234375
Random gate,0.7000000000000001,1,0.08196721311475409,0.4223722275795564,0.30730790390610674,0.8130386942967174,0.22757041263208647,0.8251436377516171,0.7053316726264615,1069.8701171875
Width gate,0.74,1,0.12439729990356799,0.4098360655737705,0.29282046579864296,0.7756280946268109,0.2550524328016393,0.7836795371449234,0.7400056249748885,1158.5609130859375
Linear score gate,0.74,1,0.11957569913211186,0.40115718418514945,0.30905006418485237,0.8020355767467449,0.23207039254289044,0.8110008437462333,0.7400056249748885,1152.939208984375
Anomaly trigger,0.74,1,0.06750241080038573,0.40115718418514945,0.31102145607922244,0.8377498624610307,0.2074008598175901,0.84941138655631,0.7400056249748885,1146.535888671875
Random gate,0.74,1,0.08003857280617165,0.4185149469623915,0.3095543737392261,0.8088666788923529,0.23118646791755393,0.8217686528185142,0.7360279641608742,1081.9854736328125
Width gate,0.78,1,0.12439729990356799,0.4088717454194793,0.29607555474050984,0.7665963689712085,0.2627265056852425,0.7757643939089558,0.7799831250753345,1159.15625
Linear score gate,0.78,1,0.11957569913211186,0.40115718418514945,0.3103337612323492,0.7926370805061435,0.24014624934710113,0.8027642733737795,0.7799831250753345,1153.7679443359375
Anomaly trigger,0.78,1,0.06750241080038573,0.40115718418514945,0.3049238951036127,0.8363286264441592,0.20824460605086584,0.8482462131865482,0.7799831250753345,1153.435791015625
Random gate,0.78,1,0.07328833172613308,0.4252651880424301,0.3107463781404731,0.8013937282229965,0.2379364377837599,0.8159026075776448,0.784242034633774,1093.267822265625
Width gate,0.8200000000000001,1,0.12439729990356799,0.40790742526518803,0.2986429488355034,0.7587108013937283,0.2696371891196914,0.7688537104745068,0.8200008035678412,1159.5921630859375
Linear score gate,0.8200000000000001,1,0.11861137897782063,0.40115718418514945,0.31111314872547224,0.7849807445442876,0.24673550564506408,0.7961348386837559,0.8200008035678412,1154.4368896484375
Anomaly trigger,0.8200000000000001,1,0.06750241080038573,0.40115718418514945,0.30217311571611954,0.8307353750229232,0.21226244525694082,0.843464984531319,0.8200008035678412,1155.732666015625
Random gate,0.8200000000000001,1,0.07714561234329798,0.4252651880424301,0.31390977443609025,0.7992847973592518,0.23918196793764313,0.8142954718952148,0.81939812768693,1104.6124267578125
Width gate,0.86,1,0.12439729990356799,0.4069431051108968,0.3011644966073721,0.7504584632312489,0.2769094780826871,0.7616215999035718,0.8599783036682872,1160.0941162109375
Linear score gate,0.86,1,0.11861137897782063,0.40115718418514945,0.31276361635796807,0.7782871813680543,0.253003334806541,0.7906705773634939,0.8599783036682872,1155.3968505859375
Anomaly trigger,0.86,1,0.06750241080038573,0.40115718418514945,0.3081331377223547,0.8197781037960755,0.22142311864679176,0.8339427056129214,0.8599783036682872,1156.43798828125
Random gate,0.86,1,0.0703953712632594,0.420443587270974,0.31157161195672106,0.7935540069686411,0.24428462372935836,0.8097954919844108,0.8601791956285909,1117.2041015625
Width gate,0.9,1,0.12439729990356799,0.4059787849566056,0.30776636713735556,0.739226114065652,0.2865121137852063,0.7517377154566274,0.8999959821607939,1160.66064453125
Linear score gate,0.9,1,0.1128254580520733,0.40115718418514945,0.31441408399046394,0.7774161012286814,0.25706135240467676,0.7934428864156856,0.8999959821607939,1155.6451416015625
Anomaly trigger,0.9,1,0.06750241080038573,0.40115718418514945,0.31225930680359437,0.8054740509811114,0.2341596689300494,0.8216079392502712,0.8999959821607939,1156.7398681640625
Random gate,0.9,1,0.07328833172613308,0.4098360655737705,0.313588850174216,0.7886942967174032,0.24894531720840532,0.8056169392100928,0.8992727711037004,1125.386962890625
Width gate,0.9400000000000001,1,0.12439729990356799,0.4059787849566056,0.31450577663671375,0.764808362369338,0.2652577443850697,0.776206356221624,0.9399734822612399,1160.1005859375
Linear score gate,0.9400000000000001,1,0.08389585342333655,0.40115718418514945,0.31556024206858607,0.7767284063818082,0.2588292016553497,0.7952107356663586,0.9399734822612399,1155.9464111328125
Anomaly trigger,0.9400000000000001,1,0.06750241080038573,0.40115718418514945,0.31423069869796444,0.7900696864111498,0.24765960866246134,0.8081079995178593,0.9399734822612399,1156.29443359375
Random gate,0.9400000000000001,1,0.06846673095467695,0.40790742526518803,0.31455162295983863,0.7836512011736658,0.2532042267668448,0.801880348748443,0.9400136606533006,1137.9117431640625
Width gate,0.98,1,0.085824493731919,0.40501446480231434,0.31556024206858607,0.7753530166880617,0.26003455341717224,0.7924384266141669,0.9799911607537466,1157.88232421875
Linear score gate,0.98,1,0.06943105110896818,0.40115718418514945,0.31556024206858607,0.7759031725655603,0.259753304672747,0.7952910924504801,0.9799911607537466,1155.7266845703125
Anomaly trigger,0.98,1,0.06750241080038573,0.40115718418514945,0.3156519347148359,0.7810379607555474,0.25553457350636827,0.8001526778898308,0.9799911607537466,1155.896728515625
Random gate,0.98,1,0.06750241080038573,0.40115718418514945,0.3161103979460847,0.7790665688611773,0.2574229579332235,0.7983446502470971,0.9793884848728354,1150.0341796875
Point margin (no UQ),0.0,1,0.5371263259402121,0.793635486981678,0.011094810196222262,0.08637447276728406,0.816344569890313,0.10916469122905702,0.0,846.1764526367188
Point margin (no UQ),100.0,1,0.5380906460945034,0.7926711668273867,0.01072803961122318,0.08710801393728224,0.81457672063964,0.1100486158543935,0.009642814094579935,848.6967163085938
Point margin (no UQ),200.0,1,0.5371263259402121,0.7830279652844745,0.010865578580597836,0.08894186686227765,0.8116436980192052,0.11169592992888425,0.022138294025473102,853.2755126953125
Point margin (no UQ),300.0,1,0.5351976856316297,0.7647058823529411,0.013387126352466533,0.09215110948101962,0.8081883563019808,0.11458877415725822,0.0452408694604042,863.574462890625
Point margin (no UQ),400.0,1,0.5390549662487946,0.7280617164898746,0.01865945351182835,0.09737759031725655,0.8048535497609386,0.11912893246012295,0.07931214592791996,881.120361328125
Point margin (no UQ),600.0,1,0.5120540019286403,0.7232401157184185,0.06143407298734641,0.15331010452961671,0.7595725019084736,0.17300815621358834,0.26473542528828,1031.5042724609375
Point margin (no UQ),800.0,1,0.4879459980713597,0.7270973963355835,0.06794425087108014,0.2048413717219879,0.7216039214110651,0.22640523926232473,0.40282855880107676,1082.314697265625
Point margin (no UQ),1000.0,1,0.4455159112825458,0.7270973963355835,0.06927379424170181,0.2258848340363103,0.7057736349391297,0.24922656595283058,0.5688456747960947,1109.585693359375
Point margin (no UQ),1500.0,1,0.43683702989392476,0.7270973963355835,0.06950302585732625,0.2418852008068953,0.6957290369239423,0.2675880911245932,0.9978303668287195,1118.5140380859375
P: Always-edge (CQR),0.02,1,0.0,0.19575699132111862,0.6911333211076471,1.0,0.061914902165615335,1.0,0.0,834.8839111328125
P: Always-cloud (CQR),0.02,1,0.0,0.1677917068466731,0.5630845406198423,1.0,0.05283458555988589,1.0,1.0,1155.468017578125
P: HERA,0.02,1,0.0,0.1677917068466731,0.5630845406198423,1.0,0.05283458555988589,1.0,1.0,1155.468017578125
P: Always-edge (CQR),0.05,1,0.0057859209257473485,0.3760848601735776,0.5188428388043279,0.9999541536768751,0.06392382176865281,0.9976696532604765,0.0,834.8839111328125
P: Always-cloud (CQR),0.05,1,0.0,0.3162970106075217,0.3778653951953053,1.0,0.06629434690023706,1.0,1.0,1155.468017578125
P: HERA,0.05,1,0.0009643201542912247,0.3162970106075217,0.3778653951953053,1.0,0.06629434690023706,0.9991160753746635,0.9991160753746635,1156.3577880859375
P: Always-edge (CQR),0.1,1,0.10993249758919961,0.4889103182256509,0.2980469466348799,0.9060608839171098,0.14572702800433926,0.8995540198481257,0.0,834.8839111328125
P: Always-cloud (CQR),0.1,1,0.06750241080038573,0.40115718418514945,0.31556024206858607,0.7759490188886852,0.25999437502511147,0.7956928763710877,1.0,1155.468017578125
P: HERA,0.1,1,0.11957569913211186,0.40115718418514945,0.30799559875298,0.7391802677425271,0.28679336252963156,0.7539877054120294,0.9021656153320744,1158.324462890625
P: Always-edge (CQR),0.15,1,0.11186113789778207,0.4918032786885246,0.26879699248120303,0.8322483036860444,0.21226244525694082,0.8347060950620756,0.0,834.8839111328125
P: Always-cloud (CQR),0.15,1,0.09546769527483125,0.4339440694310511,0.29346231432239134,0.754813863928113,0.27369520671782716,0.7690947808268713,1.0,1155.468017578125
P: HERA,0.15,1,0.14754098360655737,0.4339440694310511,0.2837887401430405,0.6852649917476619,0.3298244204266945,0.6992245570332275,0.8375587608983889,1155.610595703125
P: Always-edge (CQR),0.2,1,0.11378977820636452,0.4956605593056895,0.25201723821749494,0.8104713002017239,0.23263289003174092,0.815380288480855,0.0,834.8839111328125
P: Always-cloud (CQR),0.2,1,0.17357762777242045,0.4474445515911283,0.2745277828718137,0.6621125985695947,0.3457350636827514,0.6739925268190767,1.0,1155.468017578125
P: HERA,0.2,1,0.17743490838958534,0.4474445515911283,0.2637080506143407,0.605629928479736,0.3944714532524408,0.6215597251797983,0.8183936678854112,1154.720458984375
P: Always-edge (CQR),0.3,1,0.11378977820636452,0.5043394406943105,0.219603887768201,0.7590317256556024,0.27871750572542087,0.7695769215316003,0.0,834.8839111328125
P: Always-cloud (CQR),0.3,1,0.22950819672131148,0.49951783992285437,0.25490555657436276,0.5776636713735558,0.411788340230624,0.588854514042348,1.0,1155.468017578125
P: HERA,0.3,1,0.22950819672131148,0.49951783992285437,0.24138089125252155,0.5310379607555474,0.45264976495640646,0.5458636345373458,0.7726304793282173,1152.5572509765625
P: Always-edge (CQR),0.4,1,0.13114754098360656,0.5149469623915139,0.18058866678892352,0.6906748578763983,0.33830206115151273,0.7069388083088914,0.0,834.8839111328125
P: Always-cloud (CQR),0.4,1,0.25747348119575697,0.5448408871745419,0.24367320740876583,0.5605629928479736,0.42609184780425086,0.5712161999276789,1.0,1155.468017578125
P: HERA,0.4,1,0.25843780135004824,0.5448408871745419,0.22826884283880433,0.5052264808362369,0.4746675238056973,0.5203905339708305,0.7097111173610832,1149.91845703125
P: Always-edge (CQR),0.5,1,0.17936354869816779,0.5303760848601736,0.11319457179534201,0.6340546488171649,0.3851500662943469,0.6502069187191128,0.0,834.8839111328125
P: Always-cloud (CQR),0.5,1,0.3162970106075217,0.5920925747348119,0.2205208142306987,0.4858334861544104,0.48764514444131946,0.4997790188436659,1.0,1155.468017578125
P: HERA,0.5,1,0.3404050144648023,0.5920925747348119,0.21291032459196774,0.4293508160645516,0.5361806420507051,0.444533729760135,0.6525372654586363,1150.2271728515625
P: Always-edge (CQR),0.6,1,0.24879459980713597,0.5429122468659595,0.0906381808178984,0.6018246836603705,0.4091365663546145,0.6149704688818354,0.0,834.8839111328125
P: Always-cloud (CQR),0.6,1,0.39922854387656703,0.6239151398264223,0.19480102695763798,0.3114799193104713,0.6342159186789345,0.3328377998312508,1.0,1155.468017578125
P: HERA,0.6,1,0.4165863066538091,0.6239151398264223,0.1913167064001467,0.269209609389327,0.666559524287838,0.2894853147977018,0.617099923661055,1148.108642578125
P: Always-edge (CQR),0.7,1,0.2806171648987464,0.5486981677917069,0.08609939482853475,0.5857326242435357,0.42074812166017117,0.5970910844148017,0.0,834.8827514648438
P: Always-cloud (CQR),0.7,1,0.42719382835101255,0.656702025072324,0.18654868879515862,0.2920869246286448,0.6491221021334727,0.31359235003415165,1.0,1155.468017578125
P: HERA,0.7,1,0.42912246865959497,0.6595949855351977,0.1822849807445443,0.2597652668256006,0.6719032504319177,0.27895857607778535,0.5982562577845635,1145.4930419921875
P: Always-edge (CQR),0.8,1,0.30279652844744454,0.570877531340405,0.08160645516229599,0.5637722354667156,0.4367793000924103,0.5738679738036884,0.0,833.2661743164062
P: Always-cloud (CQR),0.8,1,0.43587270973963355,0.6682738669238187,0.18237667339079405,0.2858059783605355,0.6537426172204588,0.3072843424806139,1.0,1155.4940185546875
P: HERA,0.8,1,0.43972999035679844,0.6740597878495661,0.17577480286081057,0.24894553456812762,0.6797380368837639,0.2676282695166539,0.5731045843545342,1138.5399169921875
P: Edge point - margin,0.0,1,0.5371263259402121,0.793635486981678,0.011094810196222262,0.08637447276728406,0.816344569890313,0.10916469122905702,0.0,846.1764526367188
P: Cloud point - margin,0.0,1,0.43201542912246865,0.7270973963355835,0.06950302585732625,0.2418852008068953,0.6974968861746152,0.26955683233556993,1.0,1112.9844970703125
P: Edge point - margin,150.0,1,0.5245901639344263,0.7878495660559306,0.012286814597469282,0.09114249037227215,0.812648157820724,0.11418699023665073,0.0,846.1764526367188
P: Cloud point - margin,150.0,1,0.3828351012536162,0.7020250723240116,0.08284430588666788,0.29667155694113334,0.6537827956125196,0.3241190887540681,1.0,1112.9844970703125
P: Edge point - margin,300.0,1,0.502410800385728,0.7772420443587271,0.014258206491839355,0.10618008435723456,0.8016794567881393,0.13029852545301138,0.0,846.1764526367188
P: Cloud point - margin,300.0,1,0.3326904532304725,0.6460945033751205,0.09384742343664038,0.3463231248853842,0.6152517176262606,0.37369922455703325,1.0,1112.9844970703125
P: Edge point - margin,450.0,1,0.4840887174541948,0.7569913211186113,0.021685310838070786,0.1486796258940033,0.7674072883603198,0.17099923661055086,0.0,846.1764526367188
P: Cloud point - margin,450.0,1,0.28640308582449375,0.5766634522661523,0.10581331377223546,0.4008802494039978,0.5732652979227771,0.4278998754469846,1.0,1112.9844970703125
P: Edge point - margin,600.0,1,0.4484088717454195,0.7251687560270009,0.04240784889051898,0.25761048963873096,0.6786933986901844,0.2739764554622524,0.0,846.1764526367188
P: Cloud point - margin,600.0,1,0.24011571841851495,0.5515911282545806,0.11585365853658537,0.47262974509444344,0.5121539635983768,0.4969665313994134,1.0,1112.9844970703125
P: Edge point - margin,900.0,1,0.24879459980713597,0.6432015429122468,0.07647166697230882,0.46281863194571793,0.521595885732653,0.48278355900196873,0.0,846.1764526367188
P: Cloud point - margin,900.0,1,0.1253616200578592,0.4956605593056895,0.1702732440858243,0.662433522831469,0.35071718429828436,0.6777692956727872,1.0,1112.9844970703125
P: Edge point - margin,1200.0,1,0.11378977820636452,0.5371263259402121,0.08637447276728406,0.8139556207592151,0.23544537747599342,0.8175499216521355,0.0,846.1764526367188
P: Cloud point - margin,1200.0,1,0.033751205400192864,0.43201542912246865,0.2418852008068953,0.9105538235833486,0.14440114106633453,0.9145003816947246,1.0,1112.9844970703125
P: Edge point - margin,1500.0,1,0.008678881388621022,0.502410800385728,0.10618008435723456,0.9999541536768751,0.08445498011169593,0.9978303668287195,0.0,846.1764526367188
P: Cloud point - margin,1500.0,1,0.0,0.3326904532304725,0.3463231248853842,0.9955529066568861,0.07127646751577002,0.9961026959701073,1.0,1112.9844970703125
P: Edge point - margin,1800.0,1,0.0,0.4484088717454195,0.25761048963873096,1.0,0.07971392984852746,1.0,0.0,846.1764526367188
P: Cloud point - margin,1800.0,1,0.0,0.24011571841851495,0.47262974509444344,1.0,0.06251757804652658,1.0,1.0,1112.9844970703125
P: Edge point - margin,2100.0,1,0.0,0.24879459980713597,0.46281863194571793,1.0,0.06737916348587729,1.0,0.0,846.1764526367188
P: Cloud point - margin,2100.0,1,0.0,0.1253616200578592,0.662433522831469,1.0,0.057615814215115115,1.0,1.0,1112.9844970703125
P: Edge point - margin,2400.0,1,0.0,0.11378977820636452,0.8139556207592151,1.0,0.05158905540600265,1.0,0.0,846.1764526367188
P: Cloud point - margin,2400.0,1,0.0,0.033751205400192864,0.9105538235833486,1.0,0.04596408051749769,1.0,1.0,1112.9844970703125
HERA (decision-sufficiency),0.01,2,0.04243008678881389,0.2709739633558341,0.48441225013753897,0.874014304052815,0.16139660090803165,0.8820362409096388,1.0,1029.5997314453125
HERA (decision-sufficiency),0.02,2,0.04243008678881389,0.2709739633558341,0.48441225013753897,0.874014304052815,0.16139660090803165,0.8820362409096388,1.0,1029.5997314453125
HERA (decision-sufficiency),0.05,2,0.04243008678881389,0.2709739633558341,0.47721437740693196,0.8610397946084724,0.17276708586122383,0.8706657559564466,0.960504640604283,1029.1448974609375
HERA (decision-sufficiency),0.1,2,0.11089681774349083,0.2709739633558341,0.44342563726389145,0.639602053915276,0.36011892804049983,0.667041664992567,0.7224878460364016,1004.9945678710938
HERA (decision-sufficiency),0.15,2,0.14175506268081003,0.2719382835101254,0.43109297634329724,0.614386576196589,0.38117240548033265,0.6426533810116919,0.6927558359114468,994.07763671875
HERA (decision-sufficiency),0.2,2,0.16972034715525555,0.2729026036644166,0.4184393911608289,0.5852283146891619,0.405841938205633,0.6150910040580176,0.6596890192454498,990.1298828125
HERA (decision-sufficiency),0.3,2,0.1918997107039537,0.2757955641272903,0.3852466532184119,0.5324133504492939,0.44855156896620996,0.5637430190043794,0.6030374864397927,984.6517944335938
HERA (decision-sufficiency),0.4,2,0.2111861137897782,0.2806171648987464,0.3676875114615808,0.5040344764349899,0.47109164691229055,0.5342922576238499,0.5721403029450761,981.014404296875
HERA (decision-sufficiency),0.5,2,0.23143683702989393,0.2854387656702025,0.35581331377223546,0.47675591417568314,0.4922656595283057,0.5032745389529512,0.5403591948250231,978.23828125
Width gate,0.02,2,0.09161041465766634,0.43972999035679844,0.20447460113698882,0.6992481203007519,0.3268913978062598,0.7224878460364016,0.0,808.8093872070312
Linear score gate,0.02,2,0.09161041465766634,0.4416586306653809,0.20438290849073903,0.6992481203007519,0.3268110410221383,0.7224878460364016,0.020008839246253365,801.8358764648438
Anomaly trigger,0.02,2,0.09161041465766634,0.43876567020250723,0.2048413717219879,0.6992481203007519,0.32669050584595605,0.7224878460364016,0.020008839246253365,804.2256469726562
Random gate,0.02,2,0.09064609450337512,0.43683702989392476,0.20993031358885017,0.7025949018888685,0.32363694804933907,0.7253806902647756,0.019687412109767367,815.6517333984375
Width gate,0.06,2,0.09161041465766634,0.43972999035679844,0.2029616724738676,0.6985604254538786,0.3275342520792318,0.7218851701554904,0.060026517738760096,895.473876953125
Linear score gate,0.06,2,0.09161041465766634,0.46287367405978785,0.20319090408949203,0.6988813497157528,0.3262485435332878,0.7221664188999156,0.060026517738760096,821.9559936523438
Anomaly trigger,0.06,2,0.08968177434908389,0.43105110896817744,0.2167614157344581,0.6992481203007519,0.3225923098557596,0.7225280244284624,0.060026517738760096,814.8184204101562
Random gate,0.06,2,0.08968177434908389,0.43105110896817744,0.2213918943700715,0.7086466165413534,0.31781108120053037,0.7310056651532806,0.06006669613082084,823.0143432617188
Width gate,0.1,2,0.09161041465766634,0.43972999035679844,0.19874381074637815,0.696772418852008,0.329261922937844,0.7202378560809997,0.10000401783920608,901.0549926757812
Linear score gate,0.1,2,0.09257473481195758,0.46673095467695275,0.20126535851824684,0.6979185769301302,0.3269717545903813,0.7212824942745791,0.10000401783920608,889.8569946289062
Anomaly trigger,0.1,2,0.08003857280617165,0.42912246865959497,0.24014304052814964,0.6989271960388777,0.32387801840170355,0.7236530194061633,0.10000401783920608,831.6007690429688
Random gate,0.1,2,0.08871745419479267,0.420443587270974,0.23189070236567028,0.7170364936732074,0.31029772188517013,0.7387199164289445,0.09739242235525734,831.9705200195312
Width gate,0.13999999999999999,2,0.09161041465766634,0.4455159112825458,0.18925362185952688,0.6922336328626444,0.33372172445658727,0.7162200168749246,0.1400216963317128,906.6470336914062
Linear score gate,0.13999999999999999,2,0.09257473481195758,0.47540983606557374,0.19690995782138274,0.6975059600220063,0.32894049580135803,0.7207199967857286,0.1400216963317128,910.5714111328125
Anomaly trigger,0.13999999999999999,2,0.08100289296046287,0.4146576663452266,0.25256739409499357,0.6991105813313773,0.32403873196994654,0.7236530194061633,0.1400216963317128,872.8325805664062
Random gate,0.13999999999999999,2,0.08968177434908389,0.42333654773384766,0.24417751696313955,0.7246469833119383,0.3029048977459922,0.7458314918236972,0.1429145405600868,845.7525024414062
Width gate,0.18,2,0.09257473481195758,0.46383799421407906,0.17902989180267742,0.6863653035026591,0.33922616416890994,0.7109968259070272,0.17999919643215878,919.8863525390625
Linear score gate,0.18,2,0.09450337512054002,0.4734811957569913,0.19713918943700715,0.6956262607738859,0.32970388525051225,0.7189521475350557,0.17999919643215878,922.4629516601562
Anomaly trigger,0.18,2,0.08196721311475409,0.4069431051108968,0.2637538969374656,0.7002567394094994,0.32315480734461005,0.7246173008156214,0.17999919643215878,936.8726196289062
Random gate,0.18,2,0.08871745419479267,0.40790742526518803,0.25522648083623695,0.7296900788556758,0.29816384748282376,0.7501707581662582,0.17770902808469605,854.579345703125
Width gate,0.22,2,0.09257473481195758,0.46962391513982643,0.17297817715019256,0.6816889785439207,0.34264132749407367,0.70685845152477,0.2200168749246655,925.49560546875
Linear score gate,0.22,2,0.09450337512054002,0.46287367405978785,0.19874381074637815,0.6887493123051531,0.334244043553377,0.7129253887259432,0.2200168749246655,930.560302734375
Anomaly trigger,0.22,2,0.08293153326904533,0.3712632594021215,0.2746194755180634,0.7022281313038694,0.31933786009883885,0.7262646148901121,0.2200168749246655,957.171875
Random gate,0.22,2,0.0781099324975892,0.39344262295081966,0.2656335961855859,0.7368879515862827,0.2923781590260758,0.7571216199927678,0.22025794527703002,864.3671264648438
Width gate,0.26,2,0.0935390549662488,0.4570877531340405,0.1900330093526499,0.677196038877682,0.34569488529069065,0.7028807907107557,0.25999437502511147,932.4686279296875
Linear score gate,0.26,2,0.09450337512054002,0.44358727097396333,0.19452594901888867,0.6770126535851825,0.3435654305114709,0.7025995419663305,0.25999437502511147,931.2047119140625
Anomaly trigger,0.26,2,0.08389585342333655,0.3712632594021215,0.28617274894553457,0.7057582981844857,0.3147575234039134,0.7291574591184861,0.25999437502511147,972.4013671875
Random gate,0.26,2,0.08100289296046287,0.39633558341369335,0.27682009902805793,0.7421144324225197,0.28474426453453333,0.7608180320623569,0.2581059905982563,874.2103881835938
Width gate,0.30000000000000004,2,0.09450337512054002,0.43201542912246865,0.2138730973775903,0.6733449477351916,0.3488287998714291,0.6994254489935313,0.3000120535176182,935.500732421875
Linear score gate,0.30000000000000004,2,0.09450337512054002,0.390549662487946,0.20594168347698513,0.668393544837704,0.35115914661095265,0.6950460042589096,0.3000120535176182,936.051025390625
Anomaly trigger,0.30000000000000004,2,0.08486017357762778,0.36162005785920925,0.291582615074271,0.7167155694113332,0.3061995258949737,0.7385993812527623,0.3000120535176182,979.866455078125
Random gate,0.30000000000000004,2,0.07328833172613308,0.38862102217936356,0.2864478268842839,0.7521089308637448,0.27670858612238336,0.7708626300775443,0.295873679135361,881.9671630859375
Width gate,0.34,2,0.09450337512054002,0.4223722275795564,0.23798826334128004,0.6700898587933247,0.34983325967294787,0.696572783157218,0.3399895536180642,940.43701171875
Linear score gate,0.34,2,0.09450337512054002,0.3500482160077146,0.23230331927379425,0.6639464514945901,0.3546546667202379,0.6911487002290169,0.3399895536180642,944.5250244140625
Anomaly trigger,0.34,2,0.08678881388621022,0.343297974927676,0.30006418485237485,0.7186411149825784,0.3045120334284222,0.7403672305034352,0.3399895536180642,981.7186889648438
Random gate,0.34,2,0.0703953712632594,0.36933461909353904,0.3008435723454979,0.7611406565193471,0.26947647555144844,0.7796616979388485,0.3429627546305597,888.5067749023438
Width gate,0.38,2,0.09450337512054002,0.39633558341369335,0.2605905006418485,0.6670640014670823,0.3502350435935554,0.6939210092812086,0.3800072321105709,946.0762939453125
Linear score gate,0.38,2,0.09450337512054002,0.32786885245901637,0.26320374105996697,0.6618833669539703,0.3537305637028406,0.6893004941942223,0.3800072321105709,953.0364379882812
Anomaly trigger,0.38,2,0.08871745419479267,0.31822565091610416,0.30909591050797725,0.7132770951769668,0.3082084454980112,0.7353449314958416,0.3800072321105709,987.7213745117188
Random gate,0.38,2,0.0665380906460945,0.36933461909353904,0.3085916009536035,0.7649459013387127,0.2640122142311865,0.7827554341275262,0.38390453614046366,898.0989379882812
Width gate,0.42000000000000004,2,0.09450337512054002,0.35776277724204436,0.2848432055749129,0.6650009169264625,0.34979308128088715,0.6921129816384748,0.4199847322110169,954.2138671875
Linear score gate,0.42000000000000004,2,0.09546769527483125,0.3105110896817743,0.2932789290298918,0.6600953603520998,0.3530073526457471,0.6876531801197316,0.4199847322110169,961.7183227539062
Anomaly trigger,0.42000000000000004,2,0.08871745419479267,0.3037608486017358,0.31849440674857876,0.707179534201357,0.31238699827232913,0.7296797782152759,0.4199847322110169,991.0390014648438
Random gate,0.42000000000000004,2,0.06750241080038573,0.37319189971070393,0.3212451861360719,0.7710893086374473,0.25907027200771426,0.7881393386636667,0.4222347221664189,909.2095336914062
Width gate,0.46,2,0.09450337512054002,0.3240115718418515,0.3114799193104713,0.6630753713552173,0.34898951343967216,0.6903853107798625,0.46000241070352366,962.095703125
Linear score gate,0.46,2,0.09739633558341369,0.2970106075216972,0.32193288098294515,0.6592242802127269,0.3515609305315601,0.6867692554943952,0.46000241070352366,971.6209106445312
Anomaly trigger,0.46,2,0.08871745419479267,0.29893924783027964,0.3231248853841922,0.7058499908307354,0.3141146691309414,0.7297601349993973,0.46000241070352366,992.4303588867188
Random gate,0.46,2,0.0665380906460945,0.3481195756991321,0.3340821566110398,0.7798001100311756,0.25171762626059707,0.7964160874281812,0.45919884286230866,913.3630981445312
Width gate,0.5,2,0.09450337512054002,0.29797492767598843,0.3344947735191638,0.6610581331377223,0.3478243400699104,0.6886174615291896,0.49997991080396964,969.2623291015625
Linear score gate,0.5,2,0.09836065573770492,0.2892960462873674,0.3465982028241335,0.6580322758114799,0.3495118325364619,0.6856844389087549,0.49997991080396964,980.6198120117188
Anomaly trigger,0.5,2,0.06075216972034716,0.29122468659594986,0.32642582064918396,0.7087383091876032,0.31355217164209087,0.7355458234561453,0.49997991080396964,992.3521728515625
Random gate,0.5,2,0.06364513018322084,0.3558341369334619,0.344810196222263,0.7828259673574179,0.24765960866246134,0.7990276829121299,0.4947968982281329,923.3580932617188
Width gate,0.54,2,0.09932497589199614,0.2892960462873674,0.3582431688978544,0.6589033559508527,0.34702077222869543,0.6864880067499699,0.5399975892964763,976.9710083007812
Linear score gate,0.54,2,0.08871745419479267,0.2796528447444552,0.3676875114615808,0.6566110397946084,0.34858772951906464,0.6849210494596006,0.5399975892964763,988.366455078125
Anomaly trigger,0.54,2,0.040501446480231434,0.29218900675024106,0.3405923344947735,0.7185494223363287,0.3044718550363614,0.7451886375507252,0.5399975892964763,1001.5888061523438
Random gate,0.54,2,0.06846673095467695,0.3548698167791707,0.35306253438474233,0.7931413900605171,0.2382578649202459,0.8087910321828921,0.5438948933263691,930.8526000976562
Width gate,0.5800000000000001,2,0.09932497589199614,0.28254580520732886,0.38561342380341096,0.6566110397946084,0.3473823777572422,0.6844790871469324,0.580015267788983,982.7791137695312
Linear score gate,0.5800000000000001,2,0.08968177434908389,0.2777242044358727,0.3880432789290299,0.6541353383458647,0.3503555787697376,0.6835148057374744,0.580015267788983,996.2533569335938
Anomaly trigger,0.5800000000000001,2,0.040501446480231434,0.29026036644165865,0.36470750045846323,0.7240968274344397,0.2990075937160995,0.7500904013821367,0.580015267788983,1010.5884399414062
Random gate,0.5800000000000001,2,0.06171648987463838,0.3490838958534233,0.36649550706033374,0.8008894186686227,0.23070432721282494,0.815058861344369,0.5793724135160111,942.0564575195312
Width gate,0.62,2,0.10125361620057859,0.2796528447444552,0.4115624426920961,0.6535393361452412,0.34963236771264417,0.6815460645264977,0.619992767889429,988.3035278320312
Linear score gate,0.62,2,0.09257473481195758,0.2777242044358727,0.4119292132770952,0.6516596368971208,0.3516814657077424,0.6806621399011612,0.619992767889429,1001.2647094726562
Anomaly trigger,0.62,2,0.041465766634522665,0.28833172613307617,0.3955620759215111,0.7274436090225563,0.2949897545100245,0.7529832456105107,0.619992767889429,1020.6849975585938
Random gate,0.62,2,0.05689488910318226,0.33847637415621984,0.3785989363653035,0.8076746744911059,0.223793643778376,0.821969544778818,0.6213990116115553,952.6229248046875
Width gate,0.66,2,0.10318225650916105,0.2757955641272903,0.4274252704933064,0.6486796258940033,0.35356985013459763,0.6768050142633292,0.6600104463819358,993.4484252929688
Linear score gate,0.66,2,0.0935390549662488,0.2757955641272903,0.4312305153126719,0.64799193104713,0.3541323476234481,0.6766041223030255,0.6600104463819358,1006.1683349609375
Anomaly trigger,0.66,2,0.041465766634522665,0.2844744455159113,0.4231157161195672,0.7336787089675408,0.2877174655470288,0.7584475069307727,0.6600104463819358,1028.8861083984375
Random gate,0.66,2,0.06075216972034716,0.3355834136933462,0.3893728222996516,0.812809462681093,0.21836956085017478,0.8261882759451967,0.6623006147293985,958.057373046875
Width gate,0.7000000000000001,2,0.10607521697203472,0.2719382835101254,0.4371446909957821,0.6415275994865212,0.35867250592631283,0.6692112981638475,0.6999879464823818,1000.27197265625
Linear score gate,0.7000000000000001,2,0.09161041465766634,0.2729026036644166,0.4440674857876398,0.6514304052814964,0.3507975410824059,0.6793362529631564,0.6999879464823818,1011.8582153320312
Anomaly trigger,0.7000000000000001,2,0.04243008678881389,0.28254580520732886,0.43796992481203006,0.7426187419768935,0.27799429466832737,0.766242114990558,0.6999879464823818,1032.74072265625
Random gate,0.7000000000000001,2,0.05689488910318226,0.32690453230472516,0.40331010452961674,0.8212451861360719,0.2121017316886978,0.8338623488287998,0.7024790067901483,973.2459106445312
Width gate,0.74,2,0.09546769527483125,0.2709739633558341,0.4497982761782505,0.6562442692096094,0.3461368476033589,0.6828719514645024,0.7400056249748885,1010.0518188476562
Linear score gate,0.74,2,0.09257473481195758,0.2719382835101254,0.45612506876948467,0.6670640014670823,0.337136887781751,0.6929969062638113,0.7400056249748885,1020.0159912109375
Anomaly trigger,0.74,2,0.04243008678881389,0.28254580520732886,0.4441133321107647,0.7538510911424904,0.2671059504198642,0.7760858210454418,0.7400056249748885,1034.5565185546875
Random gate,0.74,2,0.055930568948891035,0.3191899710703954,0.412800293416468,0.8285805978360535,0.20442765880509461,0.8407328538711881,0.743782393828599,978.1050415039062
Width gate,0.78,2,0.09257473481195758,0.2709739633558341,0.46336878782321655,0.6978727306070053,0.3102575434931094,0.7200771425127567,0.7799831250753345,1019.977783203125
Linear score gate,0.78,2,0.09257473481195758,0.2709739633558341,0.46937465615257656,0.6991564276545021,0.3091325485154084,0.7212021374904576,0.7799831250753345,1027.856689453125
Anomaly trigger,0.78,2,0.04243008678881389,0.274831243972999,0.44846873280762883,0.7665505226480837,0.256056892603158,0.7872955924303909,0.7799831250753345,1035.988037109375
Random gate,0.78,2,0.054966248794599805,0.3124397299903568,0.4250412616908124,0.8324775353016688,0.2009321386958094,0.8441881955884125,0.776688496926353,988.1875610351562
Width gate,0.8200000000000001,2,0.09257473481195758,0.2709739633558341,0.4742802127269393,0.7401888868512745,0.27329342279721963,0.7572823335610109,0.8200008035678412,1026.2271728515625
Linear score gate,0.8200000000000001,2,0.09257473481195758,0.2709739633558341,0.475197139189437,0.7412433522831469,0.27248985495600464,0.7583269717545904,0.8200008035678412,1030.8323974609375
Anomaly trigger,0.8200000000000001,2,0.04243008678881389,0.2709739633558341,0.4529158261507427,0.7796167247386759,0.24388283980875086,0.7987464341677046,0.8200008035678412,1035.2724609375
Random gate,0.8200000000000001,2,0.052073288331726135,0.29604628736740596,0.43366037043829087,0.8408215661103979,0.1931777090280847,0.8515810197275905,0.8209650849772993,992.6956176757812
Width gate,0.86,2,0.09257473481195758,0.2709739633558341,0.47941500091692646,0.7793416467999267,0.23914178954558238,0.7917553939491342,0.8599783036682872,1028.88330078125
Linear score gate,0.86,2,0.09064609450337512,0.2709739633558341,0.47790207225380527,0.7821382725105447,0.23882036240909638,0.7964160874281812,0.8599783036682872,1030.9940185546875
Anomaly trigger,0.86,2,0.04243008678881389,0.2709739633558341,0.45814230698697966,0.7957087841555107,0.22949897545100245,0.8128892281730885,0.8599783036682872,1032.9195556640625
Random gate,0.86,2,0.048216007714561235,0.29893924783027964,0.4458554923895104,0.8494865211810013,0.1847000683032665,0.8596166981397404,0.8602997308047732,1002.8062133789062
Width gate,0.9,2,0.09257473481195758,0.2709739633558341,0.48262424353566846,0.8165688611773336,0.20687854072080036,0.8247418538310097,0.8999959821607939,1031.3111572265625
Linear score gate,0.9,2,0.055930568948891035,0.2709739633558341,0.4808820832569228,0.8187236383642031,0.20944995781268833,0.8326168186749167,0.8999959821607939,1029.47509765625
Anomaly trigger,0.9,2,0.04243008678881389,0.2709739633558341,0.4621309370988447,0.817210709701082,0.21081602314275383,0.8318936076178232,0.8999959821607939,1031.0120849609375
Random gate,0.9,2,0.04628736740597879,0.28833172613307617,0.45685860993948285,0.8564551622959838,0.17770902808469605,0.8658443489091566,0.9012816907067379,1010.1892700195312
Width gate,0.9400000000000001,2,0.09257473481195758,0.2709739633558341,0.48418301852191453,0.8522373005684944,0.17634296275463057,0.8567238539113665,0.9399734822612399,1032.7398681640625
Linear score gate,0.9400000000000001,2,0.04243008678881389,0.2709739633558341,0.4836787089675408,0.8532917660003668,0.17931616376712603,0.8636345373458154,0.9399734822612399,1029.3890380859375
Anomaly trigger,0.9400000000000001,2,0.04243008678881389,0.2709739633558341,0.4705208142306987,0.8313313772235467,0.19852143517216442,0.8443489091566555,0.9399734822612399,1030.3282470703125
Random gate,0.9400000000000001,2,0.048216007714561235,0.28640308582449375,0.4686869613057033,0.8641114982578397,0.1703965607296396,0.8725943187753626,0.9407770501024549,1019.2286987304688
Width gate,0.98,2,0.055930568948891035,0.2709739633558341,0.48441225013753897,0.8737392261140656,0.16163767126039616,0.8812326730684238,0.9799911607537466,1029.885986328125
Linear score gate,0.98,2,0.04243008678881389,0.2709739633558341,0.48441225013753897,0.8728681459746929,0.1624010607095504,0.8810317811081201,0.9799911607537466,1029.558837890625
Anomaly trigger,0.98,2,0.04243008678881389,0.2709739633558341,0.48069869796442327,0.8586099394828535,0.17489654064044358,0.8685363011772269,0.9799911607537466,1029.880615234375
Random gate,0.98,2,0.04243008678881389,0.2757955641272903,0.47881899871630296,0.8703007518796992,0.16501265619349914,0.878781791152718,0.9803929446743541,1024.8480224609375
Point margin (no UQ),0.0,2,0.5274831243972999,0.7926711668273867,0.01700898587933248,0.07440858243168898,0.826790951826108,0.09920044999799107,0.0,816.5836791992188
Point margin (no UQ),100.0,2,0.5255544840887174,0.7868852459016393,0.020309921144324224,0.10677608655785806,0.7984651854232794,0.12812889228173088,0.05785688456747961,848.8233032226562
Point margin (no UQ),200.0,2,0.5159112825458052,0.7753134040501446,0.023702549055565743,0.12011736658719971,0.7880188034874844,0.1417091887982643,0.1037406083008558,866.591796875
Point margin (no UQ),300.0,2,0.506268081002893,0.7579556412729026,0.02682009902805795,0.12685677608655785,0.7841616778496524,0.15046807826750774,0.14520470890754952,879.3667602539062
Point margin (no UQ),400.0,2,0.506268081002893,0.7386692381870781,0.02938749312305153,0.13712635246653218,0.777492064767568,0.16171802804451765,0.18956165374261721,891.5789184570312
Point margin (no UQ),600.0,2,0.49951783992285437,0.7656702025072324,0.034338896020539154,0.1564735008252338,0.7601349993973241,0.1798384828639158,0.28775764393908954,917.0631713867188
Point margin (no UQ),800.0,2,0.4146576663452266,0.7820636451301832,0.03443058866678892,0.19374656152576564,0.7309654867612199,0.219775804572301,0.40085981759010003,949.458740234375
Point margin (no UQ),1000.0,2,0.38862102217936356,0.7820636451301832,0.03498074454428755,0.23766733907940582,0.697054923861947,0.263931857447065,0.6512515569126923,1014.975830078125
Point margin (no UQ),1500.0,2,0.3702989392478303,0.7820636451301832,0.03507243719053732,0.24569044562626077,0.6902245972116196,0.2719273574671542,0.9997589296476355,1027.63525390625
P: Always-edge (CQR),0.02,2,0.0,0.18129218900675023,0.5823399963322942,1.0,0.05653099762947487,1.0,0.0,808.8093872070312
P: Always-cloud (CQR),0.02,2,0.0,0.07521697203471553,0.767604988079956,1.0,0.046767648358712686,1.0,1.0,1029.5997314453125
P: HERA,0.02,2,0.0,0.07521697203471553,0.767604988079956,1.0,0.046767648358712686,1.0,1.0,1029.5997314453125
P: Always-edge (CQR),0.05,2,0.0,0.3018322082931533,0.42770034843205573,0.9549330643682377,0.10386114347703805,0.960504640604283,0.0,808.8093872070312
P: Always-cloud (CQR),0.05,2,0.0,0.20057859209257473,0.5747295066935632,0.9900513478818999,0.06312025392743782,0.9912812889228173,1.0,1029.5997314453125
P: HERA,0.05,2,0.0,0.20057859209257473,0.5619383825417201,0.9454428754813864,0.10221382940254731,0.9521877134477078,0.960504640604283,1029.1448974609375
P: Always-edge (CQR),0.1,2,0.09161041465766634,0.43972999035679844,0.20447460113698882,0.6992481203007519,0.3268913978062598,0.7224878460364016,0.0,808.8093872070312
P: Always-cloud (CQR),0.1,2,0.04243008678881389,0.2709739633558341,0.48441225013753897,0.874014304052815,0.16139660090803165,0.8820362409096388,1.0,1029.5997314453125
P: HERA,0.1,2,0.11089681774349083,0.2709739633558341,0.44342563726389145,0.639602053915276,0.36011892804049983,0.667041664992567,0.7224878460364016,1004.9945678710938
P: Always-edge (CQR),0.15,2,0.13018322082931533,0.45515911282545807,0.17861727489455345,0.6688520080689528,0.3546546667202379,0.692715657519386,0.0,808.8093872070312
P: Always-cloud (CQR),0.15,2,0.09546769527483125,0.35969141755062684,0.35214560792224464,0.7615532734274711,0.2710032544497569,0.7768090321025353,1.0,1029.5997314453125
P: HERA,0.15,2,0.1880424300867888,0.36065573770491804,0.317990097194205,0.608793324775353,0.3982482221061513,0.6324882478203222,0.6927558359114468,994.07763671875
P: Always-edge (CQR),0.2,2,0.15911282545805208,0.46673095467695275,0.16756831102145608,0.6344672657252889,0.3841054281007674,0.659648840853389,0.0,808.8093872070312
P: Always-cloud (CQR),0.2,2,0.15429122468659595,0.38476374156219867,0.33270676691729323,0.746790757381258,0.27823536502069185,0.7564787657197959,1.0,1029.5997314453125
P: HERA,0.2,2,0.21215043394406943,0.3857280617164899,0.3035485054098661,0.5797267559141757,0.42195347342199363,0.6050062276507694,0.6596890192454498,990.1298828125
P: Always-edge (CQR),0.3,2,0.18418514946962392,0.4783027965284474,0.15532734274711169,0.5763341280029342,0.4330828880228213,0.6029571296556712,0.0,808.8093872070312
P: Always-cloud (CQR),0.3,2,0.2073288331726133,0.40501446480231434,0.31276361635796807,0.5902255639097744,0.3968017999919643,0.5991401824099,1.0,1029.5997314453125
P: HERA,0.3,2,0.2757955641272903,0.4069431051108968,0.28383458646616544,0.4498899688245003,0.5157298404917835,0.4693237976616176,0.6030374864397927,984.6517944335938
P: Always-edge (CQR),0.4,2,0.20540019286403086,0.485053037608486,0.14258206491839354,0.5464881716486337,0.45895777250994413,0.5720197677688938,0.0,808.8093872070312
P: Always-cloud (CQR),0.4,2,0.22854387656702024,0.437801350048216,0.2908490739042729,0.5721621125985696,0.409216923138736,0.5802563381413476,1.0,1029.5997314453125
P: HERA,0.4,2,0.3056894889103182,0.4406943105110897,0.261599119750596,0.4246744911058133,0.5329663706858452,0.4424042749809153,0.5721403029450761,981.014404296875
P: Always-edge (CQR),0.5,2,0.2266152362584378,0.5014464802314368,0.1282321657803044,0.5182468366037044,0.47981035798947325,0.5400779460805979,0.0,808.8093872070312
P: Always-cloud (CQR),0.5,2,0.29411764705882354,0.48987463837994216,0.2306070053181735,0.46291032459196774,0.5081361243923018,0.477921973562618,1.0,1029.5997314453125
P: HERA,0.5,2,0.3413693346190935,0.4918032786885246,0.2001192004401247,0.37814047313405463,0.5766804612479408,0.3958776969745671,0.5403591948250231,978.23828125
P: Always-edge (CQR),0.6,2,0.24783027965284474,0.5216972034715526,0.11837520630845406,0.47038327526132406,0.518381614367793,0.49335047611394595,0.0,808.8098754882812
P: Always-cloud (CQR),0.6,2,0.3548698167791707,0.5670202507232401,0.1910874747845223,0.34242618741976893,0.6060910442364097,0.3628510587006308,1.0,1029.5994873046875
P: HERA,0.6,2,0.36258437801350046,0.570877531340405,0.15959105079772604,0.2622868145974693,0.6759612680300534,0.2915745911848608,0.49427457913134315,972.4722900390625
P: Always-edge (CQR),0.7,2,0.26325940212150434,0.5294117647058824,0.11250687694846873,0.4501192004401247,0.5350154686809434,0.4735827072200571,0.0,808.8115234375
P: Always-cloud (CQR),0.7,2,0.36837029893924783,0.5737704918032787,0.18466898954703834,0.33605354850540986,0.6110329864598819,0.3562216240106071,1.0,1029.5927734375
P: HERA,0.7,2,0.3780135004821601,0.5776277724204436,0.15298918026774252,0.2490372272143774,0.6867692554943952,0.2784362569809956,0.4749085941580618,969.1064453125
P: Always-edge (CQR),0.8,2,0.2806171648987464,0.5342333654773385,0.10127452778287181,0.43251421236016874,0.5496002249989955,0.4562658202418739,0.0,808.4738159179688
P: Always-cloud (CQR),0.8,2,0.3712632594021215,0.5776277724204436,0.18072620575829818,0.33197322574729504,0.6140463658644381,0.35208324962834986,1.0,1029.5875244140625
P: HERA,0.8,2,0.3876567020250723,0.5814850530376084,0.14794608472400514,0.2380799559875298,0.6953272530033348,0.26738719916428944,0.45783277753224316,965.7733154296875
P: Edge point - margin,0.0,2,0.5274831243972999,0.7926711668273867,0.01700898587933248,0.07440858243168898,0.826790951826108,0.09920044999799107,0.0,816.5836791992188
P: Cloud point - margin,0.0,2,0.3702989392478303,0.7820636451301832,0.03507243719053732,0.24569044562626077,0.6902245972116196,0.2719273574671542,1.0,1027.463134765625
P: Edge point - margin,150.0,2,0.502410800385728,0.7782063645130183,0.020080689528699798,0.13203741059966992,0.7809072280927317,0.1550484149624332,0.0,816.5836791992188
P: Cloud point - margin,150.0,2,0.35390549662487947,0.6846673095467696,0.054052814964239866,0.2761324041811847,0.6621800795532162,0.29977098316525375,1.0,1027.463134765625
P: Edge point - margin,300.0,2,0.476374156219865,0.7483124397299904,0.023014854208692464,0.167201540436457,0.7596930370846559,0.19534734219936517,0.0,816.5836791992188
P: Cloud point - margin,300.0,2,0.33461909353905495,0.6422372227579557,0.07532550889418668,0.30978360535485056,0.632046285507654,0.330708345052031,1.0,1027.463134765625
P: Edge point - margin,450.0,2,0.4416586306653809,0.6875602700096431,0.02581147991931047,0.21469833119383824,0.7269476475551448,0.2453694403149986,0.0,816.5836791992188
P: Cloud point - margin,450.0,2,0.3114754098360656,0.583413693346191,0.08733724555290666,0.3415551072803961,0.6073767527823537,0.3616457069388083,1.0,1027.463134765625
P: Edge point - margin,600.0,2,0.3857280617164899,0.6316297010607522,0.030350265908674123,0.2641665138455896,0.6891397806259794,0.29543171682269276,0.0,816.5836791992188
P: Cloud point - margin,600.0,2,0.2796528447444552,0.5477338476374156,0.09957821382725106,0.38075371355217313,0.5792116999477681,0.40290891558519826,1.0,1027.463134765625
P: Edge point - margin,900.0,2,0.19864995178399228,0.5573770491803278,0.04598386209426004,0.4843205574912892,0.5134798505363816,0.5127164610872272,0.0,816.5836791992188
P: Cloud point - margin,900.0,2,0.17743490838958534,0.4570877531340405,0.1483128553090042,0.5601045296167247,0.4410783880429105,0.5838322150347544,1.0,1027.463134765625
P: Edge point - margin,1200.0,2,0.05110896817743491,0.5274831243972999,0.07440858243168898,0.8199156427654503,0.23628912370926916,0.8311703965607297,0.0,816.5836791992188
P: Cloud point - margin,1200.0,2,0.08486017357762778,0.3702989392478303,0.24569044562626077,0.8872180451127819,0.1653742617220459,0.886335328860139,1.0,1027.463134765625
P: Edge point - margin,1500.0,2,0.0019286403085824494,0.476374156219865,0.167201540436457,0.9998166147075005,0.07694162079633574,0.9997589296476355,0.0,816.5836791992188
P: Cloud point - margin,1500.0,2,0.0019286403085824494,0.33461909353905495,0.30978360535485056,0.9986246103062535,0.07838804291052272,0.9977098316525372,1.0,1027.463134765625
P: Edge point - margin,1800.0,2,0.0,0.3857280617164899,0.2641665138455896,1.0,0.06922736952067178,1.0,0.0,816.5836791992188
P: Cloud point - margin,1800.0,2,0.0,0.2796528447444552,0.38075371355217313,1.0,0.07276306802201776,1.0,1.0,1027.463134765625
P: Edge point - margin,2100.0,2,0.0,0.19864995178399228,0.4843205574912892,1.0,0.06046848005142834,1.0,0.0,816.5836791992188
P: Cloud point - margin,2100.0,2,0.0,0.17743490838958534,0.5601045296167247,1.0,0.057535457430993614,1.0,1.0,1027.463134765625
P: Edge point - margin,2400.0,2,0.0,0.05110896817743491,0.8199156427654503,1.0,0.04841496243320342,1.0,0.0,816.5836791992188
P: Cloud point - margin,2400.0,2,0.0,0.08486017357762778,0.8872180451127819,1.0,0.04941942223472217,1.0,1.0,1027.463134765625
